"Time (s)","Magnetic Field x (µT)","Magnetic Field y (µT)","Magnetic Field z (µT)","Absolute field (µT)"
7.015208335E-3,-6.104164124E-1,1.171353912E1,-5.096131897E1,5.229374378E1
1.705020833E-2,-6.432609558E-1,1.154863739E1,-5.131910706E1,5.260642127E1
2.708620833E-2,-6.345214844E-1,1.152886963E1,-5.137252808E1,5.265409854E1
3.712120833E-2,-6.410198212E-1,1.133927155E1,-5.143057251E1,5.266966655E1
4.715720833E-2,-7.449111938E-1,1.158471680E1,-5.160197449E1,5.289162814E1
5.719220833E-2,-6.284027100E-1,1.158460999E1,-5.144453430E1,5.273649768E1
6.722820833E-2,-6.212120056E-1,1.175943756E1,-5.128352356E1,5.261815338E1
7.726320832E-2,-5.923881531E-1,1.186959839E1,-5.108866882E1,5.245274418E1
8.729820832E-2,-7.274799347E-1,1.200259399E1,-5.088092041E1,5.228249756E1
9.733420833E-2,-5.107231140E-1,1.201398468E1,-5.080757141E1,5.221116718E1
1.073692083E-1,-5.004138947E-1,1.230590820E1,-5.096023560E1,5.242739172E1
1.174052083E-1,-5.241909027E-1,1.216772461E1,-5.123799133E1,5.266554903E1
1.274402083E-1,-7.087574005E-1,1.231911469E1,-5.100851440E1,5.247981960E1
1.374762083E-1,-8.416061401E-1,1.216453552E1,-5.084864807E1,5.229024035E1
1.475112083E-1,-7.065505981E-1,1.209083557E1,-5.094592285E1,5.236577674E1
1.575472083E-1,-6.910152435E-1,1.205679321E1,-5.117213440E1,5.257785754E1
1.675822083E-1,-7.281055450E-1,1.192240906E1,-5.118519592E1,5.256042482E1
1.776172083E-1,-7.764968872E-1,1.189212036E1,-5.087281799E1,5.225006301E1
1.876532083E-1,-9.450263977E-1,1.170881653E1,-5.096159363E1,5.229793002E1
1.976882083E-1,-5.030269623E-1,1.171776581E1,-5.082151794E1,5.215731739E1
2.077242083E-1,-8.997230530E-1,1.150997162E1,-5.078890991E1,5.208456891E1
2.177592083E-1,-7.077102661E-1,1.171191406E1,-5.081156921E1,5.214868503E1
2.277942083E-1,-9.252529144E-1,1.183013916E1,-5.075897217E1,5.212755069E1
2.378302083E-1,-9.916095734E-1,1.177767944E1,-5.117431641E1,5.252149733E1
2.478652083E-1,-7.561969757E-1,1.167560577E1,-5.078352356E1,5.211389325E1
2.579012083E-1,-7.354030609E-1,1.176004028E1,-5.099238586E1,5.233605623E1
2.679362083E-1,-8.028297424E-1,1.170565033E1,-5.100076294E1,5.233301640E1
2.779722083E-1,-6.668376923E-1,1.202153778E1,-5.073895264E1,5.214789888E1
2.880072083E-1,-4.825363159E-1,1.203466034E1,-5.058193970E1,5.199613942E1
2.980422083E-1,-3.588981628E-1,1.208817291E1,-5.069161987E1,5.211423086E1
3.080782083E-1,-3.844470978E-1,1.204043579E1,-5.067384338E1,5.208606625E1
3.181132083E-1,-3.938694000E-1,1.218791962E1,-5.091297913E1,5.235295561E1
3.281492083E-1,-3.182182312E-1,1.218166351E1,-5.045419312E1,5.190491106E1
3.381842083E-1,-6.458454132E-1,1.208708954E1,-5.045144653E1,5.188316979E1
3.482202083E-1,-5.275001526E-1,1.199379730E1,-5.088739014E1,5.228437534E1
3.582552083E-1,-5.694389343E-1,1.209307098E1,-5.069403076E1,5.211958731E1
3.682912083E-1,-4.703044891E-1,1.210583496E1,-5.091601562E1,5.233749204E1
3.783262083E-1,-4.723834991E-1,1.202566528E1,-5.062940979E1,5.204014707E1
3.883612083E-1,-5.095748901E-1,1.231534576E1,-5.046296692E1,5.194649592E1
3.983972083E-1,-5.523853302E-1,1.219670868E1,-5.085189819E1,5.229703990E1
4.084322083E-1,-3.762683868E-1,1.235678101E1,-5.086708069E1,5.234779377E1
4.184682083E-1,-5.148811340E-1,1.240108490E1,-5.082211304E1,5.231576419E1
4.285032083E-1,-3.244628906E-1,1.233761597E1,-5.075352478E1,5.223257912E1
4.385392083E-1,-3.983993530E-1,1.214710236E1,-5.097851562E1,5.240725020E1
4.485742083E-1,-5.506973267E-1,1.244641113E1,-5.092654419E1,5.242832556E1
4.586092083E-1,-3.535079956E-1,1.223851013E1,-5.094395447E1,5.239458555E1
4.686452083E-1,-3.626194000E-1,1.242826843E1,-5.103211975E1,5.252495212E1
4.786802083E-1,-3.482398987E-1,1.263483429E1,-5.087661743E1,5.242318676E1
4.887162083E-1,-3.974819183E-1,1.267471313E1,-5.105688477E1,5.260809659E1
4.987512083E-1,-3.336868286E-1,1.270275879E1,-5.105317688E1,5.261081920E1
5.087872083E-1,-3.946495056E-1,1.251556396E1,-5.106715393E1,5.257993249E1
5.188222083E-1,-3.883666992E-1,1.265391541E1,-5.069178772E1,5.224872961E1
5.288572083E-1,-4.971370697E-1,1.254993439E1,-5.080863953E1,5.233799623E1
5.388932083E-1,-4.435272217E-1,1.254428101E1,-5.071606445E1,5.224629074E1
5.489282083E-1,-5.002498627E-1,1.259418488E1,-5.073799133E1,5.228008710E1
5.589642083E-1,-7.257175446E-1,1.273185730E1,-5.082276917E1,5.239828930E1
5.689992083E-1,-4.248905182E-1,1.281250763E1,-5.066506958E1,5.226174662E1
5.790352083E-1,-3.186626434E-1,1.270736694E1,-5.025036621E1,5.183317494E1
5.890702083E-1,-5.232105255E-1,1.261299133E1,-5.024839783E1,5.180987149E1
5.991052083E-1,-4.421939850E-1,1.256802368E1,-5.067462158E1,5.221176139E1
6.091412083E-1,-5.585212708E-1,1.243835449E1,-5.037382507E1,5.188975680E1
6.191762083E-1,-7.220535278E-1,1.232859039E1,-5.036895752E1,5.186084635E1
6.292122083E-1,-6.466655731E-1,1.239829254E1,-5.071318054E1,5.221075095E1
6.392472083E-1,-6.306877136E-1,1.223775482E1,-5.075593567E1,5.221422618E1
6.492832083E-1,-5.321331024E-1,1.238800049E1,-5.068630981E1,5.218091341E1
6.593182083E-1,-7.514171600E-1,1.246768188E1,-5.036569214E1,5.189133515E1
6.693532083E-1,-6.287155151E-1,1.259719086E1,-5.082638550E1,5.236798606E1
6.793892083E-1,-5.750274658E-1,1.255409241E1,-5.121926880E1,5.273850006E1
6.894242083E-1,-5.937843323E-1,1.236970520E1,-5.109315491E1,5.257254669E1
6.994602083E-1,-5.604801178E-1,1.235939789E1,-5.087614441E1,5.235886672E1
7.094952083E-1,-4.577465057E-1,1.269635010E1,-5.067538452E1,5.224367363E1
7.195312083E-1,-4.331779480E-1,1.273640442E1,-5.043397522E1,5.201912626E1
7.295662083E-1,-5.128154755E-1,1.268243408E1,-5.078028870E1,5.234257191E1
7.396012083E-1,-3.984642029E-1,1.262574005E1,-5.044816589E1,5.200562977E1
7.496372083E-1,-7.653121948E-1,1.264665222E1,-5.047811890E1,5.204386614E1
7.596722083E-1,-6.983509064E-1,1.249847412E1,-5.029794312E1,5.183225474E1
7.697082083E-1,-5.756244659E-1,1.254685974E1,-5.059019470E1,5.212602836E1
7.797432083E-1,-8.138237000E-1,1.264329529E1,-5.035931396E1,5.192856370E1
7.897792083E-1,-5.725536346E-1,1.233258057E1,-5.074256897E1,5.222287494E1
7.998142083E-1,-5.151290894E-1,1.220937347E1,-5.049031067E1,5.194810516E1
8.098492083E-1,-5.912437439E-1,1.244138336E1,-5.054768372E1,5.205963809E1
8.198852083E-1,-5.972423553E-1,1.237942505E1,-5.054699707E1,5.204426746E1
8.299202083E-1,-5.819854736E-1,1.241448212E1,-5.068141174E1,5.218298161E1
8.399562083E-1,-7.067260742E-1,1.249922180E1,-5.040702820E1,5.193841063E1
8.499912083E-1,-6.075248718E-1,1.242601013E1,-5.048165894E1,5.199204461E1
8.600272083E-1,-3.906288147E-1,1.272612762E1,-5.019013977E1,5.177989036E1
8.700622083E-1,-5.353965759E-1,1.256815338E1,-5.047041321E1,5.201449546E1
8.800972083E-1,-2.435626984E-1,1.255537415E1,-5.063349915E1,5.216749925E1
8.901332083E-1,-7.285938263E-1,1.251906586E1,-5.047042847E1,5.200501907E1
9.001682083E-1,-6.195545197E-1,1.279961395E1,-5.005511475E1,5.166941530E1
9.102042083E-1,-5.565929413E-1,1.274324036E1,-5.031738281E1,5.190894897E1
9.202392083E-1,-6.054134369E-1,1.274390411E1,-5.036787415E1,5.195860240E1
9.302752083E-1,-5.927829742E-1,1.286328125E1,-5.046327209E1,5.208029595E1
9.403102083E-1,-4.243125916E-1,1.302941895E1,-5.027003479E1,5.193286240E1
9.503452083E-1,-4.177360535E-1,1.283335114E1,-5.045216370E1,5.206044781E1
9.603812083E-1,-3.734550476E-1,1.283271790E1,-4.992773438E1,5.155188432E1
9.704162083E-1,-5.117340088E-1,1.277433014E1,-5.059172058E1,5.218206180E1
9.804522083E-1,-5.616874695E-1,1.293299103E1,-5.056199646E1,5.219284660E1
9.904872083E-1,-4.010429382E-1,1.289769745E1,-5.086178589E1,5.247316170E1
1.000523208E0,-6.405448914E-1,1.290398407E1,-5.053392029E1,5.215937310E1
1.010558208E0,-6.872596741E-1,1.285464478E1,-5.077186584E1,5.237839802E1
1.020594208E0,-9.469833374E-1,1.266299438E1,-5.096713257E1,5.252520163E1
1.030629208E0,-8.191108704E-1,1.249560547E1,-5.083152771E1,5.235126845E1
1.040664208E0,-9.888763428E-1,1.268952179E1,-5.061758423E1,5.219331061E1
1.050700208E0,-9.368209839E-1,1.280167389E1,-5.083235168E1,5.242793593E1
1.060735208E0,-7.389659882E-1,1.291479492E1,-5.084645081E1,5.246617537E1
1.070771208E0,-8.118343353E-1,1.270659637E1,-5.051538086E1,5.209530084E1
1.080806208E0,-7.562160492E-1,1.256718445E1,-5.037226868E1,5.192178194E1
1.090842208E0,-6.545104980E-1,1.267240906E1,-5.083938599E1,5.239906013E1
1.100877208E0,-6.097240448E-1,1.287638855E1,-5.066844177E1,5.228254142E1
1.110912208E0,-4.359455109E-1,1.283653259E1,-5.083154297E1,5.242911765E1
1.120948208E0,-3.515338898E-1,1.281221008E1,-5.073104858E1,5.232509526E1
1.130983208E0,-4.132976532E-1,1.262534332E1,-5.090116882E1,5.244520089E1
1.141019208E0,-6.044845581E-1,1.275230408E1,-5.074559021E1,5.232687251E1
1.151054208E0,-5.266609192E-1,1.266316223E1,-5.045243835E1,5.202001139E1
1.161090208E0,-5.709915161E-1,1.255477142E1,-5.049395752E1,5.203448917E1
1.171125208E0,-5.639476776E-1,1.270645905E1,-5.067910767E1,5.225078078E1
1.181160208E0,-7.674045563E-1,1.251721191E1,-5.052763367E1,5.206064990E1
1.191196208E0,-7.374248505E-1,1.271522522E1,-5.080409241E1,5.237629763E1
1.201231208E0,-6.747074127E-1,1.252275848E1,-5.058290100E1,5.211434144E1
1.211267208E0,-8.496093750E-1,1.244314575E1,-5.072184753E1,5.223274384E1
1.221302208E0,-6.532230377E-1,1.246408844E1,-5.106350708E1,5.256673812E1
1.231338208E0,-7.341728210E-1,1.245675659E1,-5.057894897E1,5.209548804E1
1.241373208E0,-5.905895233E-1,1.253012848E1,-5.081869507E1,5.234398422E1
1.251409208E0,-5.038013458E-1,1.268875122E1,-5.065177917E1,5.221935424E1
1.261444208E0,-4.820690155E-1,1.269752502E1,-5.095674133E1,5.251713072E1
1.271479208E0,-5.831775665E-1,1.262673187E1,-5.074984741E1,5.230030082E1
1.281515208E0,-4.743137360E-1,1.232272339E1,-5.026699829E1,5.175756565E1
1.291550208E0,-3.195858002E-1,1.246658325E1,-5.046572876E1,5.198372449E1
1.301586208E0,-5.817432404E-1,1.243652344E1,-5.036712646E1,5.188307016E1
1.311621208E0,-7.182712555E-1,1.239498138E1,-5.017640686E1,5.168968255E1
1.321657208E0,-4.011135101E-1,1.258319855E1,-5.054403687E1,5.208836185E1
1.331692208E0,-4.624710083E-1,1.247032928E1,-5.038899231E1,5.191120821E1
1.341727208E0,-4.838409424E-1,1.255650330E1,-5.052137756E1,5.206063261E1
1.351763208E0,-5.218524933E-1,1.274330139E1,-5.077058411E1,5.234803025E1
1.361798208E0,-6.290817261E-1,1.289477539E1,-5.059521484E1,5.221634554E1
1.371834208E0,-6.105766296E-1,1.275272369E1,-5.046502686E1,5.205500649E1
1.381869208E0,-4.322357178E-1,1.302153778E1,-5.051046753E1,5.216372882E1
1.391905208E0,-6.250476837E-1,1.287641907E1,-5.049807739E1,5.211764263E1
1.401940208E0,-6.321773529E-1,1.284468842E1,-5.086083984E1,5.246151636E1
1.411975208E0,-4.813385010E-1,1.275680542E1,-5.091871643E1,5.249460405E1
1.422011208E0,-3.780536652E-1,1.279898071E1,-5.076632690E1,5.235624871E1
1.432046208E0,-5.342292786E-1,1.272571564E1,-5.085411072E1,5.242489691E1
1.442082208E0,-5.445003510E-1,1.266583252E1,-5.082476807E1,5.238202786E1
1.452117208E0,-5.324039459E-1,1.275106049E1,-5.077073669E1,5.235017385E1
1.462153208E0,-4.250411987E-1,1.283330536E1,-5.097775269E1,5.257000718E1
1.472188208E0,-9.181594849E-2,1.274765778E1,-5.059109497E1,5.217250329E1
1.482223208E0,-2.023620605E-1,1.244737244E1,-5.065965271E1,5.216683279E1
1.492259208E0,-3.891696930E-1,1.259846497E1,-5.065388489E1,5.219855196E1
1.502294208E0,-4.262695312E-1,1.258551025E1,-5.060848999E1,5.215166376E1
1.512330208E0,-4.224300385E-1,1.265946198E1,-5.066819763E1,5.222745136E1
1.522365208E0,-4.313354492E-1,1.247171783E1,-5.045916748E1,5.197939379E1
1.532401208E0,-4.553642273E-1,1.264732361E1,-5.021060181E1,5.178094905E1
1.542436208E0,-4.044570923E-1,1.278205109E1,-5.033201599E1,5.193126466E1
1.552472208E0,-1.494903564E-1,1.268395996E1,-5.044236755E1,5.201286026E1
1.562507208E0,-2.764453888E-1,1.251403809E1,-5.068933105E1,5.221193210E1
1.572542208E0,-1.959095001E-1,1.272589874E1,-5.044873047E1,5.202942711E1
1.582578208E0,-2.548236847E-1,1.260990906E1,-5.051327515E1,5.206405389E1
1.592613208E0,-7.172012329E-2,1.257096863E1,-5.061199951E1,5.214986952E1
1.602649208E0,-1.023387909E-1,1.253350830E1,-5.079447937E1,5.231805079E1
1.612684208E0,-1.574897766E-1,1.265043640E1,-5.053295898E1,5.209259341E1
1.622720458E0,-2.464122772E-1,1.270465088E1,-5.052236938E1,5.209586050E1
1.632755458E0,3.297805786E-3,1.282507324E1,-5.045446777E1,5.205896496E1
1.642790458E0,7.945442200E-2,1.274870300E1,-5.033244324E1,5.192196629E1
1.652826458E0,-4.202270508E-2,1.310767365E1,-5.039813232E1,5.207479828E1
1.662861458E0,6.866264343E-2,1.307579803E1,-5.025143433E1,5.192482894E1
1.672897458E0,5.701446533E-2,1.290820312E1,-5.034698486E1,5.197541576E1
1.682932458E0,1.967315674E-1,1.302272797E1,-5.050761414E1,5.215984310E1
1.692968458E0,2.333831787E-2,1.274890137E1,-5.066412354E1,5.224354931E1
1.703003458E0,-1.028060913E-2,1.273829651E1,-5.061869812E1,5.219690511E1
1.713038458E0,-4.418830872E-1,1.277446747E1,-5.031234741E1,5.191064035E1
1.723074458E0,-5.521888733E-1,1.267777252E1,-5.055725098E1,5.212548758E1
1.733109458E0,-4.845428467E-1,1.246755981E1,-5.058067322E1,5.209682651E1
1.743145458E0,-7.325019836E-1,1.267356873E1,-5.053665161E1,5.210670839E1
1.753180458E0,-4.936046600E-1,1.288212585E1,-5.091722107E1,5.252386328E1
1.763216458E0,-2.254352570E-1,1.285750580E1,-5.080064392E1,5.240297414E1
1.773251458E0,-4.242610931E-1,1.263223267E1,-5.089942932E1,5.244525913E1
1.783287458E0,-4.371623993E-1,1.258439636E1,-5.082171631E1,5.235842808E1
1.793322458E0,-4.117107391E-1,1.282124329E1,-5.089160156E1,5.248341543E1
1.803357458E0,-3.143653870E-1,1.286763000E1,-5.091287231E1,5.251471503E1
1.813393458E0,-3.838138580E-1,1.311312866E1,-5.105574036E1,5.271423033E1
1.823428458E0,-6.055450439E-2,1.295920563E1,-5.113256836E1,5.274925805E1
1.833464458E0,-1.115608215E-2,1.290093231E1,-5.085951233E1,5.247022178E1
1.843499458E0,-9.974098206E-2,1.304663849E1,-5.094590759E1,5.259002020E1
1.853535458E0,-2.905807495E-1,1.299353027E1,-5.076063538E1,5.239807601E1
1.863570458E0,-1.623363495E-1,1.299879456E1,-5.099241638E1,5.262339348E1
1.873605458E0,-2.817401886E-1,1.314099884E1,-5.067517090E1,5.235205988E1
1.883641458E0,-1.865768433E-1,1.290795135E1,-5.036964417E1,5.199760641E1
1.893676458E0,-2.626914978E-1,1.286077118E1,-5.066062927E1,5.226822936E1
1.903712458E0,-5.668487549E-1,1.280442047E1,-5.048387146E1,5.208546610E1
1.913747458E0,-2.464561462E-1,1.290813446E1,-5.080410767E1,5.241887095E1
1.923783458E0,-1.924819946E-1,1.292224884E1,-5.063912964E1,5.226225230E1
1.933818458E0,-3.446598053E-1,1.278920746E1,-5.055006409E1,5.214395072E1
1.943853458E0,-3.390560150E-1,1.270041656E1,-5.070718384E1,5.227460218E1
1.953889458E0,-3.511161804E-1,1.285285950E1,-5.096302795E1,5.255996098E1
1.963924458E0,-4.770603180E-1,1.235534668E1,-5.101785278E1,5.249479480E1
1.973960458E0,-3.977947235E-1,1.256846619E1,-5.065057373E1,5.218817109E1
1.983995458E0,-2.997951508E-1,1.248287201E1,-5.095252991E1,5.246019705E1
1.994031458E0,-2.685298920E-1,1.268686676E1,-5.089451599E1,5.245264964E1
2.004066458E0,-1.833515167E-1,1.263430786E1,-5.064971924E1,5.220204413E1
2.014101458E0,-2.800464630E-1,1.258437347E1,-5.037071228E1,5.191968353E1
2.024137458E0,-1.155433655E-1,1.267134094E1,-5.067274475E1,5.223316276E1
2.034172458E0,-1.525592804E-1,1.255862427E1,-5.079441833E1,5.232413642E1
2.044208458E0,-4.989681244E-1,1.264156342E1,-5.054061890E1,5.210002162E1
2.054243458E0,-6.429386139E-1,1.249700165E1,-5.029814148E1,5.183137521E1
2.064279458E0,-5.027294159E-1,1.245225525E1,-5.059138489E1,5.210373905E1
2.074314458E0,-8.011322021E-1,1.219405365E1,-5.043026733E1,5.188977376E1
2.084350458E0,-7.175731659E-1,1.264451599E1,-5.068519592E1,5.224354297E1
2.094385458E0,-4.023895264E-1,1.258032227E1,-5.050122070E1,5.204613067E1
2.104420458E0,-3.457603455E-1,1.269972992E1,-5.021838379E1,5.180047066E1
2.114456458E0,-5.324611664E-1,1.257695770E1,-5.011009216E1,5.166705640E1
2.124491458E0,-5.558090210E-1,1.228242493E1,-5.028964233E1,5.177079304E1
2.134527458E0,-4.345836639E-1,1.253256989E1,-5.036184692E1,5.189961268E1
2.144562458E0,-7.139282227E-1,1.248972321E1,-5.027116394E1,5.180437050E1
2.154598458E0,-7.406635284E-1,1.232904053E1,-5.033593750E1,5.182914650E1
2.164633458E0,-7.100563049E-1,1.244567108E1,-5.040246582E1,5.192116591E1
2.174668458E0,-6.036262512E-1,1.234030914E1,-4.989765930E1,5.140451340E1
2.184704458E0,-6.088008881E-1,1.240285492E1,-5.063165283E1,5.213219463E1
2.194739458E0,-5.635089874E-1,1.254322052E1,-5.076829529E1,5.229789412E1
2.204775458E0,-4.186439514E-1,1.257486725E1,-5.093428040E1,5.246525963E1
2.214810458E0,-8.829307556E-2,1.239563751E1,-5.082746887E1,5.231721721E1
2.224846458E0,6.847381592E-4,1.278240967E1,-5.100906372E1,5.258625846E1
2.234881458E0,-2.697925568E-1,1.282455444E1,-5.088941956E1,5.248118718E1
2.244917458E0,-2.040367126E-1,1.260226440E1,-5.057209778E1,5.211905384E1
2.254952458E0,8.079910278E-2,1.251966858E1,-5.077458191E1,5.229538027E1
2.264987458E0,8.136177063E-2,1.245861053E1,-5.017207336E1,5.169584647E1
2.275023458E0,5.435180664E-2,1.244814301E1,-5.057714844E1,5.208653533E1
2.285058458E0,-6.669807434E-2,1.271514893E1,-5.060086060E1,5.217400266E1
2.295094458E0,1.943340302E-1,1.255603027E1,-5.089756775E1,5.242379293E1
2.305129458E0,5.076599121E-2,1.274190521E1,-5.046293640E1,5.204677392E1
2.315165458E0,2.548370361E-1,1.263144684E1,-5.059117126E1,5.214484635E1
2.325200458E0,2.967624664E-1,1.255256653E1,-5.055197144E1,5.208797184E1
2.335235458E0,2.669200897E-1,1.260530853E1,-5.042184448E1,5.197429606E1
2.345271458E0,-2.107810974E-2,1.247267151E1,-5.041487122E1,5.193483627E1
2.355306458E0,-1.326923370E-1,1.262460327E1,-5.066699219E1,5.221630313E1
2.365342458E0,-7.915115356E-2,1.245257568E1,-5.087570190E1,5.237757106E1
2.375377458E0,1.080474854E-1,1.243941498E1,-5.068890381E1,5.219306169E1
2.385413458E0,-7.783317566E-2,1.226174927E1,-5.098664856E1,5.244039363E1
2.395448458E0,-1.273193359E-1,1.220965576E1,-5.102482605E1,5.246546271E1
2.405483458E0,9.871482849E-2,1.211429596E1,-5.076580811E1,5.219131330E1
2.415519458E0,1.945877075E-2,1.199040985E1,-5.083798218E1,5.223285115E1
2.425554458E0,1.261253357E-1,1.204998016E1,-5.079234314E1,5.220229929E1
2.435590458E0,-4.056167603E-2,1.206935883E1,-5.081268311E1,5.222642848E1
2.445625458E0,-5.919456482E-2,1.209545898E1,-5.101422119E1,5.242856469E1
2.455661458E0,-1.659946442E-1,1.221502686E1,-5.086227417E1,5.230875041E1
2.465696458E0,-1.528358459E-1,1.256030273E1,-5.050035095E1,5.203912000E1
2.475732458E0,-2.348365784E-1,1.242382812E1,-5.062805176E1,5.213066543E1
2.485767458E0,-1.706390381E-1,1.244122314E1,-5.069160461E1,5.219628272E1
2.495802458E0,-2.123088837E-1,1.237455750E1,-5.101692200E1,5.249667683E1
2.505838458E0,-5.726242065E-2,1.257136536E1,-5.109037781E1,5.261434415E1
2.515873458E0,-7.503890991E-2,1.251423645E1,-5.088644409E1,5.240269017E1
2.525909458E0,-1.845645905E-1,1.225372314E1,-5.087084961E1,5.232619932E1
2.535944458E0,-1.838836670E-1,1.229344940E1,-5.059046936E1,5.206302240E1
2.545980458E0,-1.052474976E-1,1.226654053E1,-5.064311218E1,5.210761849E1
2.556015458E0,-1.336269379E-1,1.208451080E1,-5.081086731E1,5.222832081E1
2.566050458E0,-3.837203979E-2,1.205490875E1,-5.052758789E1,5.194573549E1
2.576086458E0,-4.439182281E-1,1.195117188E1,-5.077471924E1,5.216416094E1
2.586121458E0,-3.954582214E-1,1.184346771E1,-5.087794495E1,5.223973006E1
2.596157458E0,-2.702579498E-1,1.204673767E1,-5.063143921E1,5.204555278E1
2.606192458E0,-2.674694061E-1,1.231499481E1,-5.058192444E1,5.206017400E1
2.616228458E0,-3.429241180E-1,1.242256927E1,-5.055128479E1,5.205641381E1
2.626262458E0,-1.422481537E-1,1.237578583E1,-5.064543152E1,5.213578467E1
2.636298458E0,-2.468109131E-1,1.222422028E1,-5.067221069E1,5.212643680E1
2.646333458E0,-3.994197845E-1,1.207946014E1,-5.055404663E1,5.197869298E1
2.656368458E0,-4.717693329E-1,1.229755402E1,-5.048925781E1,5.196746632E1
2.666404458E0,-3.260879517E-1,1.219702148E1,-5.078161621E1,5.222687250E1
2.676439458E0,-1.725521088E-1,1.224462891E1,-5.090684509E1,5.235902586E1
2.686475458E0,-1.511554718E-1,1.204381561E1,-5.088003540E1,5.228627301E1
2.696510458E0,-1.291179657E-1,1.209191132E1,-5.072230530E1,5.214387064E1
2.706546458E0,-1.481590271E-1,1.228464508E1,-5.081784058E1,5.228180732E1
2.716581458E0,-4.102687836E-1,1.210688019E1,-5.066609192E1,5.209412384E1
2.726616458E0,-3.051471710E-1,1.206273651E1,-5.094091797E1,5.235054776E1
2.736652458E0,-2.875633240E-1,1.213322449E1,-5.120443726E1,5.262311492E1
2.746687458E0,-2.802009583E-1,1.227655792E1,-5.110163879E1,5.255634952E1
2.756723458E0,-2.720794678E-1,1.224829865E1,-5.113900757E1,5.258605273E1
2.766758458E0,-1.600189209E-1,1.231682587E1,-5.107206726E1,5.253651930E1
2.776794458E0,-5.475807190E-2,1.227323914E1,-5.103889465E1,5.249384883E1
2.786829458E0,-2.151107788E-1,1.255840302E1,-5.100976562E1,5.253337937E1
2.796864458E0,-2.346916199E-1,1.227064514E1,-5.082572937E1,5.228650474E1
2.806900458E0,-1.760120392E-1,1.241616058E1,-5.068809509E1,5.218692373E1
2.816935458E0,5.258941650E-2,1.242269135E1,-5.058065796E1,5.208386492E1
2.826971458E0,1.445693970E-1,1.243824768E1,-5.070175171E1,5.220534965E1
2.837006458E0,-5.721092224E-2,1.248088074E1,-5.061889648E1,5.213490518E1
2.847042458E0,-1.391334534E-1,1.248783875E1,-5.083105469E1,5.234273202E1
2.857077458E0,-3.045978546E-1,1.234989929E1,-5.081188965E1,5.229207322E1
2.867113458E0,-2.634792328E-1,1.252352142E1,-5.063497925E1,5.216137588E1
2.877148458E0,-3.275661469E-1,1.242039490E1,-5.124789429E1,5.273253434E1
2.887183458E0,-4.716072083E-1,1.248104095E1,-5.088711548E1,5.239749344E1
2.897219458E0,-2.343044281E-1,1.247847748E1,-5.051422119E1,5.203319941E1
2.907254458E0,-2.957382202E-1,1.246257019E1,-5.078022766E1,5.228799708E1
2.917290458E0,-5.175209045E-2,1.234759521E1,-5.071672058E1,5.219819472E1
2.927325458E0,-1.065349579E-1,1.236755371E1,-5.072155762E1,5.220770194E1
2.937361458E0,-1.549835205E-1,1.250168610E1,-5.046977234E1,5.199532763E1
2.947396458E0,-1.383724213E-1,1.236377716E1,-5.038862610E1,5.188348266E1
2.957431458E0,8.540725708E-2,1.241053009E1,-5.063273621E1,5.213158857E1
2.967467458E0,-2.533550262E-1,1.236388397E1,-5.050379944E1,5.199580342E1
2.977502458E0,-1.974468231E-1,1.242102814E1,-5.062425232E1,5.212615321E1
2.987538458E0,-3.105182648E-1,1.220797729E1,-5.058042908E1,5.203374806E1
2.997573458E0,-2.043838501E-1,1.244158173E1,-5.081564331E1,5.231696029E1
3.007609458E0,-2.714595795E-1,1.238241577E1,-5.076193237E1,5.225104486E1
3.017644458E0,-1.060600281E-1,1.248803711E1,-5.055551147E1,5.207515780E1
3.027680458E0,-1.770515442E-1,1.256791687E1,-5.049130249E1,5.203225450E1
3.037715458E0,-2.936553955E-1,1.247605133E1,-5.053160095E1,5.204979140E1
3.047750458E0,-5.306987762E-1,1.224378967E1,-5.036799622E1,5.183750640E1
3.057786458E0,-3.890018463E-1,1.255368042E1,-5.038290405E1,5.192478440E1
3.067821458E0,-4.679412842E-1,1.271669769E1,-5.035317993E1,5.193626959E1
3.077857458E0,-3.918495178E-1,1.273484039E1,-5.044567871E1,5.202976270E1
3.087892458E0,-4.571495056E-1,1.251848602E1,-5.055078125E1,5.207977499E1
3.097928458E0,-8.017616272E-1,1.244550323E1,-5.054869080E1,5.206441696E1
3.107963458E0,-5.003490448E-1,1.243376923E1,-5.042124939E1,5.193410591E1
3.117998458E0,-3.290805817E-1,1.233596039E1,-5.078918457E1,5.226686792E1
3.128034458E0,-2.822799683E-1,1.241086578E1,-5.089865112E1,5.239066670E1
3.138069458E0,-3.146648407E-1,1.244448853E1,-5.050677490E1,5.201825275E1
3.148105458E0,-2.643470764E-1,1.233946228E1,-5.076916504E1,5.224787390E1
3.158140458E0,-9.653472900E-2,1.264183807E1,-5.044876099E1,5.200868076E1
3.168176458E0,-4.329490662E-2,1.265496826E1,-5.076124573E1,5.231495163E1
3.178211458E0,-1.714706421E-3,1.255287933E1,-5.076475525E1,5.229373919E1
3.188247458E0,-1.821212769E-1,1.269796753E1,-5.071395874E1,5.227979685E1
3.198282458E0,6.928825378E-2,1.280194855E1,-5.041595459E1,5.201598951E1
3.208317458E0,-2.567844391E-1,1.280309296E1,-5.073603821E1,5.232715070E1
3.218353458E0,-2.129535675E-1,1.257592010E1,-5.042453003E1,5.196953285E1
3.228388458E0,-1.196231842E-1,1.265262604E1,-5.036528015E1,5.193038321E1
3.238424458E0,-2.903556824E-1,1.261109161E1,-5.045674133E1,5.200967875E1
3.248459458E0,-4.531726837E-1,1.270704651E1,-5.044483948E1,5.202265109E1
3.258495458E0,-2.607688904E-1,1.288354492E1,-5.074876404E1,5.235924734E1
3.268530458E0,-2.086830139E-1,1.286986542E1,-5.082247925E1,5.242710541E1
3.278565458E0,-3.290977478E-1,1.282527161E1,-5.082031250E1,5.241469317E1
3.288601458E0,-2.665538788E-1,1.252558136E1,-5.071875000E1,5.224320856E1
3.298636458E0,-4.446296692E-1,1.276273346E1,-5.073919678E1,5.232161265E1
3.308672458E0,-5.632762909E-1,1.261459351E1,-5.054814148E1,5.210143814E1
3.318707458E0,-7.440052032E-1,1.221767426E1,-5.074134827E1,5.219683450E1
3.328743458E0,-6.942958832E-1,1.251579285E1,-5.064149475E1,5.216980073E1
3.338778458E0,-4.539680481E-1,1.248709106E1,-5.044131470E1,5.196594807E1
3.348814458E0,-3.394584656E-1,1.252652740E1,-5.036776733E1,5.190318976E1
3.358849458E0,-5.838623047E-1,1.267770386E1,-5.067631531E1,5.224130553E1
3.368884458E0,-2.856502533E-1,1.273744965E1,-5.054072571E1,5.212186849E1
3.378920458E0,-3.465061188E-1,1.274108124E1,-5.058052063E1,5.216171282E1
3.388955458E0,-4.699516296E-1,1.273583984E1,-5.058532715E1,5.216605979E1
3.398991458E0,-4.880676270E-1,1.259944153E1,-5.050836182E1,5.205841671E1
3.409026458E0,-5.220527649E-1,1.247480011E1,-5.066360474E1,5.217944060E1
3.419062458E0,-6.254920959E-1,1.257854462E1,-5.050299072E1,5.204962149E1
3.429097458E0,-4.504222870E-1,1.266402435E1,-5.051177979E1,5.207706107E1
3.439132458E0,-3.442687988E-1,1.262725830E1,-5.037582397E1,5.193543891E1
3.449168458E0,-3.083477020E-1,1.269102478E1,-5.067150879E1,5.223752474E1
3.459203458E0,-4.615020752E-2,1.254449463E1,-5.075103760E1,5.227843047E1
3.469239458E0,-2.378654480E-1,1.245960999E1,-5.057217407E1,5.208496185E1
3.479274458E0,-2.740783691E-1,1.259217072E1,-5.084672546E1,5.238346469E1
3.489310458E0,-3.030948639E-1,1.243460083E1,-5.036256409E1,5.187580386E1
3.499345458E0,-5.467910767E-1,1.237047577E1,-5.039254761E1,5.189158415E1
3.509381458E0,-4.940414429E-1,1.232364655E1,-5.039755249E1,5.188477270E1
3.519416458E0,-6.010150909E-1,1.240447998E1,-5.053488159E1,5.203851074E1
3.529451458E0,-4.263057709E-1,1.260358429E1,-5.039456177E1,5.194847379E1
3.539487458E0,-7.529106140E-1,1.273056793E1,-5.022290039E1,5.181673434E1
3.549522458E0,-4.067153931E-1,1.280147552E1,-5.048089600E1,5.208036150E1
3.559558458E0,-5.305652618E-1,1.276544952E1,-5.032821655E1,5.192463368E1
3.569593458E0,-6.144676208E-1,1.261657715E1,-5.046379089E1,5.202066686E1
3.579629458E0,-3.019809723E-1,1.259484100E1,-5.061547852E1,5.215983012E1
3.589664458E0,-5.203189850E-1,1.242590332E1,-5.076110840E1,5.226245240E1
3.599699458E0,-4.183368683E-1,1.247362518E1,-5.084620667E1,5.235554472E1
3.609735458E0,-3.896064758E-1,1.246173859E1,-5.075212097E1,5.226111848E1
3.619770458E0,-3.732318878E-1,1.291131592E1,-5.058947754E1,5.221241824E1
3.629807583E0,-6.676483154E-1,1.261870575E1,-5.049981689E1,5.205678626E1
3.639842583E0,-6.906719208E-1,1.284308624E1,-5.037396240E1,5.198997961E1
3.649878583E0,-8.151950836E-1,1.301766205E1,-5.006150818E1,5.173276205E1
3.659913583E0,-7.217941284E-1,1.271733093E1,-5.026991272E1,5.185861180E1
3.669949583E0,-2.855339050E-1,1.275621033E1,-5.009779358E1,5.169711165E1
3.679984583E0,-7.669677734E-1,1.274639130E1,-5.057624817E1,5.216335504E1
3.690019583E0,-7.479228973E-1,1.280548859E1,-5.045579529E1,5.206080296E1
3.700055583E0,-8.458213806E-1,1.287126923E1,-5.017724609E1,5.180869629E1
3.710090583E0,-7.485218048E-1,1.284590149E1,-5.019924927E1,5.182221625E1
3.720126583E0,-7.363948822E-1,1.288579559E1,-5.023762512E1,5.186911396E1
3.730161583E0,-7.278003693E-1,1.292281342E1,-5.024409485E1,5.188446653E1
3.740197583E0,-7.083282471E-1,1.294238281E1,-5.051013184E1,5.214672013E1
3.750232583E0,-6.553783417E-1,1.278805542E1,-5.052963257E1,5.212684193E1
3.760268583E0,-8.994197845E-1,1.253856659E1,-5.058979797E1,5.212822908E1
3.770303583E0,-7.490062714E-1,1.280262756E1,-5.063719177E1,5.223594044E1
3.780338583E0,-8.107299805E-1,1.272200012E1,-5.061375427E1,5.219443162E1
3.790374583E0,-8.559799194E-1,1.270227814E1,-5.080442810E1,5.237528507E1
3.800409583E0,-6.399288177E-1,1.279734802E1,-5.083067322E1,5.242078753E1
3.810445583E0,-5.459957123E-1,1.279817200E1,-5.063327026E1,5.222853028E1
3.820480583E0,-6.134223938E-1,1.272124481E1,-5.072645569E1,5.230085719E1
3.830516583E0,-6.245574951E-1,1.248672485E1,-5.045913696E1,5.198492928E1
3.840551583E0,-3.662662506E-1,1.258603668E1,-5.038563538E1,5.193510106E1
3.850586583E0,-4.958896637E-1,1.248198700E1,-5.052438354E1,5.204574179E1
3.860622583E0,-3.641948700E-1,1.227336121E1,-5.040289307E1,5.187696659E1
3.870657583E0,-4.083652496E-1,1.249220276E1,-5.071182251E1,5.222940584E1
3.880693583E0,-3.301696777E-1,1.244986725E1,-5.020800781E1,5.172960714E1
3.890728583E0,-2.964210510E-1,1.242695618E1,-5.042506409E1,5.193461460E1
3.900764583E0,-4.060611725E-1,1.233670807E1,-5.044754028E1,5.193566763E1
3.910799583E0,-2.506675720E-1,1.267141724E1,-5.017311096E1,5.174909383E1
3.920835583E0,-3.055038452E-1,1.238455963E1,-5.044807434E1,5.194688494E1
3.930870583E0,-3.810939789E-1,1.263018799E1,-5.039082336E1,5.195095726E1
3.940905583E0,-3.546104431E-1,1.240954590E1,-5.031970215E1,5.182851534E1
3.950941583E0,-3.369541168E-1,1.245383453E1,-5.033351135E1,5.185242422E1
3.960976583E0,-4.544277191E-1,1.256658936E1,-5.047665405E1,5.201940289E1
3.971012583E0,-5.021953583E-1,1.237685394E1,-5.041619873E1,5.191562200E1
3.981047583E0,-4.671268463E-1,1.265258026E1,-5.007160950E1,5.164757567E1
3.991083583E0,-6.618633270E-1,1.280034637E1,-5.042475891E1,5.202829270E1
4.001118583E0,-6.655998230E-1,1.290337372E1,-5.014451599E1,5.178235762E1
4.011153583E0,-5.251159668E-1,1.272781372E1,-4.980578613E1,5.140903929E1
4.021189583E0,-4.756031036E-1,1.267555237E1,-5.021539307E1,5.179267831E1
4.031224583E0,-5.546588898E-1,1.277520752E1,-5.008872986E1,5.169520706E1
4.041260583E0,-7.634067535E-1,1.260028076E1,-5.002362061E1,5.159178698E1
4.051295583E0,-7.252292633E-1,1.237833405E1,-4.999208069E1,5.150686598E1
4.061331583E0,-7.439460754E-1,1.252627563E1,-4.955953979E1,5.112346840E1
4.071366583E0,-7.942695618E-1,1.240228271E1,-5.005538940E1,5.157508593E1
4.081402583E0,-5.419464111E-1,1.234809113E1,-5.001536560E1,5.151995591E1
4.091437583E0,-3.770294189E-1,1.236659241E1,-5.030847168E1,5.180750025E1
4.101472583E0,-4.156093597E-1,1.243638611E1,-5.020256042E1,5.172169278E1
4.111508583E0,-5.681037903E-1,1.231085968E1,-5.024960327E1,5.173879238E1
4.121543583E0,-7.572345734E-1,1.246114349E1,-4.998988342E1,5.152515838E1
4.131579583E0,-4.357280731E-1,1.248954773E1,-5.001667786E1,5.155430850E1
4.141614583E0,-5.806312561E-1,1.247827911E1,-4.991094971E1,5.145043715E1
4.151650583E0,-3.130588531E-1,1.243783569E1,-5.042678833E1,5.193899059E1
4.161685583E0,-4.966831207E-1,1.271945953E1,-5.013642883E1,5.172709968E1
4.171721583E0,-3.496837616E-1,1.253776550E1,-5.017837524E1,5.172221171E1
4.181756583E0,-5.238952637E-1,1.266562653E1,-5.006332397E1,5.164328581E1
4.191791583E0,-3.584232330E-1,1.270489502E1,-5.034201050E1,5.192167992E1
4.201827583E0,-1.200351715E-1,1.278662872E1,-5.013320923E1,5.173829288E1
4.211862583E0,-2.430915833E-2,1.282112122E1,-5.028216553E1,5.189101955E1
4.221898583E0,-1.966304779E-1,1.264987946E1,-5.047886658E1,5.204011995E1
4.231933583E0,-2.514934540E-1,1.244889069E1,-5.023120117E1,5.175144152E1
4.241969583E0,-3.792362213E-1,1.248188019E1,-5.025509644E1,5.178335515E1
4.252004583E0,-5.857295990E-1,1.252202606E1,-5.042236328E1,5.195727990E1
4.262039583E0,-3.832588196E-1,1.255912781E1,-5.077328491E1,5.230492366E1
4.272075583E0,-5.171318054E-1,1.250818634E1,-5.055598450E1,5.208291197E1
4.282110583E0,-7.006683350E-1,1.245484924E1,-5.021896362E1,5.174513033E1
4.292146583E0,-6.153850555E-1,1.226068115E1,-5.059442139E1,5.206244785E1
4.302181583E0,-4.310398102E-1,1.247578430E1,-5.051205444E1,5.203170796E1
4.312217583E0,-3.032417297E-1,1.244660950E1,-5.054589844E1,5.205667961E1
4.322252583E0,-3.612709045E-1,1.230862427E1,-5.048881531E1,5.196877158E1
4.332288583E0,-4.283161163E-1,1.235904694E1,-5.045178223E1,5.194527722E1
4.342323583E0,-6.083984375E-1,1.242822266E1,-5.029846191E1,5.181472897E1
4.352358583E0,-6.439876556E-1,1.224697876E1,-5.012973022E1,5.160807167E1
4.362394583E0,-6.795825958E-1,1.248800659E1,-4.988111877E1,5.142507318E1
4.372429583E0,-7.196674347E-1,1.217913055E1,-5.005340576E1,5.151885646E1
4.382465583E0,-7.157287598E-1,1.206540680E1,-5.006425476E1,5.150258162E1
4.392500583E0,-7.199878693E-1,1.216382599E1,-5.050639343E1,5.195548886E1
4.402536583E0,-5.906028748E-1,1.232538605E1,-5.055387878E1,5.203804967E1
4.412571583E0,-7.165565491E-1,1.236041260E1,-5.056732178E1,5.206099581E1
4.422607583E0,-8.817367554E-1,1.255333710E1,-5.038739014E1,5.193508272E1
4.432642583E0,-5.694828033E-1,1.262875366E1,-5.027377319E1,5.183880786E1
4.442677583E0,-5.756034851E-1,1.254508972E1,-5.030494690E1,5.184880209E1
4.452713583E0,-7.899875641E-1,1.230410004E1,-5.035200500E1,5.183955407E1
4.462748583E0,-7.999820709E-1,1.210140991E1,-5.065051270E1,5.208222854E1
4.472784583E0,-7.850341797E-1,1.220848846E1,-5.051652527E1,5.197675244E1
4.482819583E0,-6.663036346E-1,1.226643372E1,-5.023999023E1,5.172007323E1
4.492855583E0,-8.246879578E-1,1.221405029E1,-5.064653015E1,5.210503000E1
4.502890583E0,-6.824588776E-1,1.228775787E1,-5.003445435E1,5.152573498E1
4.512926583E0,-6.409854889E-1,1.228910065E1,-5.012562561E1,5.161406010E1
4.522961583E0,-5.739250183E-1,1.233392334E1,-5.032797241E1,5.182045795E1
4.532996583E0,-5.625896454E-1,1.220184326E1,-5.030981445E1,5.177141022E1
4.543032583E0,-5.995445251E-1,1.236421204E1,-5.027278137E1,5.177437339E1
4.553067583E0,-4.840583801E-1,1.239498138E1,-5.006642151E1,5.158019425E1
4.563103583E0,-6.171569824E-1,1.225087738E1,-5.022085571E1,5.169718781E1
4.573138583E0,-5.096588135E-1,1.207129669E1,-5.006454468E1,5.150179210E1
4.583174583E0,-5.512943268E-1,1.236083984E1,-5.057313538E1,5.206473191E1
4.593209583E0,-6.322002411E-1,1.240821838E1,-5.048553467E1,5.199185293E1
4.603244583E0,-7.165412903E-1,1.209277344E1,-5.079479980E1,5.221934783E1
4.613280583E0,-4.278030396E-1,1.214836121E1,-5.028128052E1,5.172980636E1
4.623315125E0,-5.618267059E-1,1.205142212E1,-5.036137390E1,5.178629554E1
4.633351125E0,-6.385707855E-1,1.203263855E1,-5.072395325E1,5.213551185E1
4.643386125E0,-7.336578369E-1,1.197206116E1,-5.060548401E1,5.200753324E1
4.653422125E0,-5.927352905E-1,1.200978851E1,-5.072036743E1,5.212621248E1
4.663457125E0,-5.431079865E-1,1.206090546E1,-5.034532166E1,5.177269376E1
4.673493125E0,-4.857788086E-1,1.231723785E1,-5.047538757E1,5.195878251E1
4.683528125E0,-7.291965485E-1,1.202271271E1,-5.016186523E1,5.158769303E1
4.693563125E0,-7.092056274E-1,1.211446381E1,-5.035263062E1,5.179431065E1
4.703599125E0,-5.721855164E-1,1.207343292E1,-5.031024170E1,5.174181673E1
4.713634125E0,-5.220546722E-1,1.230309296E1,-5.026660156E1,5.175296967E1
4.723670125E0,-6.204280853E-1,1.217036438E1,-5.031999207E1,5.177455265E1
4.733705125E0,-4.883975983E-1,1.224420929E1,-5.038369751E1,5.185244611E1
4.743741125E0,-3.563652039E-1,1.237955475E1,-5.005319214E1,5.156260675E1
4.753776125E0,-6.602058411E-1,1.241976166E1,-4.994505310E1,5.147032816E1
4.763812125E0,-7.884788513E-1,1.244831848E1,-5.021188354E1,5.173795107E1
4.773847125E0,-5.819091797E-1,1.236186981E1,-5.079231262E1,5.227823127E1
4.783882125E0,-5.330734253E-1,1.220159149E1,-5.072779846E1,5.217731824E1
4.793918125E0,-4.279937744E-1,1.210629272E1,-5.081427002E1,5.223825743E1
4.803953125E0,-5.767059326E-1,1.218095398E1,-5.087251282E1,5.231367689E1
4.813989125E0,-5.467014313E-1,1.206950378E1,-5.025830078E1,5.169012093E1
4.824024125E0,-5.704288483E-1,1.221520233E1,-5.027743530E1,5.174318368E1
4.834060125E0,-6.477966309E-1,1.217288208E1,-5.012013245E1,5.158125992E1
4.844095125E0,-6.628303528E-1,1.207219696E1,-5.027302551E1,5.170642492E1
4.854130125E0,-7.322120667E-1,1.211863708E1,-5.034953308E1,5.179259581E1
4.864166125E0,-7.022590637E-1,1.195269012E1,-5.041796875E1,5.182018470E1
4.874201125E0,-7.505187988E-1,1.193282318E1,-5.020600891E1,5.161006567E1
4.884237125E0,-6.397247314E-1,1.208503723E1,-5.000823975E1,5.145173870E1
4.894272125E0,-8.588771820E-1,1.197373962E1,-5.015956116E1,5.157605729E1
4.904308125E0,-7.954311371E-1,1.209857941E1,-5.027420044E1,5.171560272E1
4.914343125E0,-9.292812347E-1,1.207195282E1,-4.975352478E1,5.120555474E1
4.924379125E0,-3.271217346E-1,1.208068848E1,-4.997245789E1,5.141300020E1
4.934414125E0,-2.394008636E-1,1.238430023E1,-4.994886780E1,5.146180719E1
4.944450125E0,-3.623352051E-1,1.224708557E1,-4.997692871E1,5.145693146E1
4.954485125E0,-5.858974457E-1,1.215870667E1,-4.995021057E1,5.141207018E1
4.964520125E0,-6.457481384E-1,1.207139587E1,-5.021189880E1,5.164659108E1
4.974556125E0,-7.643661499E-1,1.185459137E1,-5.015644836E1,5.154400940E1
4.984591125E0,-7.486553192E-1,1.202947998E1,-4.994602966E1,5.137971149E1
4.994627125E0,-6.552505493E-1,1.213060760E1,-5.050442505E1,5.194495109E1
5.004662125E0,-5.130119324E-1,1.204080200E1,-5.030221558E1,5.172578647E1
5.014698125E0,-4.322834015E-1,1.181858826E1,-5.033169556E1,5.170247068E1
5.024733125E0,-6.439685822E-1,1.203079987E1,-5.046936035E1,5.188748573E1
5.034768125E0,-6.010475159E-1,1.214170837E1,-5.025328064E1,5.170275191E1
5.044804125E0,-6.193866730E-1,1.226732635E1,-5.057624817E1,5.204640059E1
5.054839125E0,-3.699245453E-1,1.222363281E1,-5.031510925E1,5.177996005E1
5.064875125E0,-4.927940369E-1,1.219532013E1,-5.043721008E1,5.189297486E1
5.074910125E0,-3.291587830E-1,1.187742615E1,-5.033036804E1,5.171390088E1
5.084946125E0,-4.185333252E-1,1.198429108E1,-5.034060669E1,5.174915540E1
5.094981125E0,-3.514347076E-1,1.213671875E1,-5.016308594E1,5.161161341E1
5.105017125E0,-5.620117188E-1,1.209992981E1,-5.010934448E1,5.155259996E1
5.115052125E0,-6.163539886E-1,1.214784241E1,-5.059333801E1,5.203494805E1
5.125087125E0,-3.206596375E-1,1.231104279E1,-5.033576965E1,5.182040432E1
5.135123125E0,-3.448772430E-1,1.240779114E1,-5.010719299E1,5.162173003E1
5.145158125E0,-5.078239441E-1,1.223397827E1,-5.043411255E1,5.189920826E1
5.155194125E0,-3.505744934E-1,1.229812622E1,-5.028582764E1,5.176901846E1
5.165229125E0,-4.344196320E-1,1.210134125E1,-5.045692444E1,5.188961750E1
5.175265125E0,-4.179706573E-1,1.200808716E1,-5.032771301E1,5.174212552E1
5.185300125E0,-4.867534637E-1,1.211947632E1,-5.029806519E1,5.173986854E1
5.195336125E0,-4.001064301E-1,1.198461151E1,-5.074447632E1,5.214204518E1
5.205371125E0,-3.748569489E-1,1.209074402E1,-5.052458191E1,5.195247815E1
5.215406125E0,-3.089523315E-1,1.222642517E1,-5.070149231E1,5.215574989E1
5.225442125E0,-1.640510559E-1,1.202977753E1,-5.076437378E1,5.217052909E1
5.235477125E0,-3.292217255E-1,1.212380981E1,-5.034004211E1,5.178044990E1
5.245513125E0,-4.171428680E-1,1.211563110E1,-5.069955444E1,5.212875738E1
5.255548125E0,-2.643566132E-1,1.212179565E1,-5.093626404E1,5.235943858E1
5.265584125E0,-2.789115906E-1,1.217874908E1,-5.099311829E1,5.242802527E1
5.275619125E0,-2.761993408E-1,1.231916046E1,-5.061059570E1,5.208906217E1
5.285655125E0,-4.732799530E-1,1.240696716E1,-5.074926758E1,5.224600452E1
5.295690125E0,-4.440288544E-1,1.224477386E1,-5.077761841E1,5.223502828E1
5.305725125E0,-4.200725555E-1,1.206916809E1,-5.077722168E1,5.219355823E1
5.315761125E0,-4.723758698E-1,1.212432861E1,-5.091032410E1,5.233625496E1
5.325796125E0,-4.124641418E-1,1.224833679E1,-5.057998657E1,5.204350990E1
5.335832125E0,-3.337707520E-1,1.228359222E1,-5.050685120E1,5.198018910E1
5.345867125E0,-3.456935883E-1,1.223287964E1,-5.074440002E1,5.219920480E1
5.355903125E0,-3.433456421E-1,1.247114563E1,-5.105155945E1,5.255386838E1
5.365938125E0,-2.821578979E-1,1.239582825E1,-5.088052368E1,5.236949361E1
5.375974125E0,-4.299240112E-1,1.261029053E1,-5.084614563E1,5.238830773E1
5.386009125E0,-4.142246246E-1,1.224178314E1,-5.043818665E1,5.190417622E1
5.396044125E0,-5.927944183E-1,1.224346161E1,-5.102856445E1,5.248016909E1
5.406080125E0,-3.487892151E-1,1.198616028E1,-5.032104492E1,5.173004209E1
5.416115125E0,-3.503398895E-1,1.204183960E1,-5.081753540E1,5.222595660E1
5.426151125E0,-3.889865875E-1,1.204329681E1,-5.087019348E1,5.227780498E1
5.436186125E0,-4.931545258E-1,1.199417114E1,-5.076473999E1,5.216475984E1
5.446222125E0,-5.516738892E-1,1.198847961E1,-5.055302429E1,5.195802395E1
5.456257125E0,-4.436893463E-1,1.207631683E1,-5.020346069E1,5.163740654E1
5.466293125E0,-3.974895477E-1,1.232781219E1,-5.029820251E1,5.178843623E1
5.476328125E0,-7.099857330E-1,1.227269745E1,-5.027087402E1,5.175213964E1
5.486363125E0,-6.824398041E-1,1.225368500E1,-5.049333191E1,5.196340142E1
5.496399125E0,-6.865310669E-1,1.208451080E1,-5.034474182E1,5.177933715E1
5.506434125E0,-7.022590637E-1,1.205007935E1,-5.062269592E1,5.204185741E1
5.516470125E0,-7.653198242E-1,1.203894806E1,-5.066586304E1,5.208216261E1
5.526505125E0,-4.814090729E-1,1.200302124E1,-5.055094910E1,5.195866365E1
5.536541125E0,-4.413642883E-1,1.175537872E1,-5.038259888E1,5.173770386E1
5.546576125E0,-3.858013153E-1,1.220616913E1,-5.047470093E1,5.193105854E1
5.556611125E0,-7.318649292E-1,1.208545685E1,-5.055198669E1,5.198170113E1
5.566647125E0,-7.146587372E-1,1.205585480E1,-5.052139282E1,5.194483136E1
5.576682125E0,-9.751720428E-1,1.215727234E1,-5.074708557E1,5.219211555E1
5.586718125E0,-8.531131744E-1,1.213417816E1,-5.083468628E1,5.226979444E1
5.596753125E0,-8.116722107E-1,1.198046112E1,-5.064054871E1,5.204474453E1
5.606789125E0,-7.122440338E-1,1.214028168E1,-5.048185730E1,5.192602091E1
5.616824125E0,-7.767753601E-1,1.215222168E1,-5.070417786E1,5.214588693E1
5.626860333E0,-7.091999054E-1,1.196625519E1,-5.078033447E1,5.217601553E1
5.636895333E0,-6.716384888E-1,1.187816620E1,-5.084800720E1,5.222127696E1
5.646930333E0,-3.174114227E-1,1.222735596E1,-5.048164368E1,5.194232698E1
5.656966333E0,-3.240966797E-1,1.218527222E1,-5.084216309E1,5.228299384E1
5.667001333E0,-4.724044800E-1,1.217226410E1,-5.073951721E1,5.218127812E1
5.677037333E0,-3.191738129E-1,1.226612091E1,-5.056655884E1,5.203399338E1
5.687072333E0,-4.134426117E-1,1.226425171E1,-5.090773010E1,5.236582654E1
5.697108333E0,-4.751491547E-1,1.228255463E1,-5.063343811E1,5.210404946E1
5.707143333E0,-3.716869354E-1,1.229167175E1,-5.089541626E1,5.235997271E1
5.717179333E0,-5.320587158E-1,1.210441589E1,-5.070953369E1,5.213690418E1
5.727214333E0,-3.915176392E-1,1.196589661E1,-5.082621765E1,5.221724206E1
5.737249333E0,-3.857402802E-1,1.220600128E1,-5.056135559E1,5.201524721E1
5.747285333E0,-4.558143616E-1,1.206356812E1,-5.045108032E1,5.187532119E1
5.757320333E0,-2.358894348E-1,1.210571289E1,-5.026261902E1,5.170043326E1
5.767356333E0,-1.763534546E-1,1.197109222E1,-5.086372375E1,5.225377062E1
5.777391333E0,-5.140266418E-1,1.226140594E1,-5.087463379E1,5.233387681E1
5.787427333E0,-4.280738831E-1,1.238871765E1,-5.085095215E1,5.234006980E1
5.797462333E0,-3.194599152E-1,1.248886871E1,-5.082771301E1,5.234052260E1
5.807498333E0,-4.744682312E-1,1.244378662E1,-5.048249817E1,5.199572643E1
5.817533333E0,-5.603599548E-1,1.241516113E1,-5.054534912E1,5.205076894E1
5.827568333E0,-3.809394836E-1,1.236086273E1,-5.070394897E1,5.219029109E1
5.837604333E0,-3.163490295E-1,1.214605713E1,-5.094869995E1,5.237744560E1
5.847639333E0,-4.497966766E-1,1.246885681E1,-5.093186951E1,5.243786837E1
5.857675333E0,1.066780090E-2,1.234102631E1,-5.132089233E1,5.278385202E1
5.867710333E0,-2.532844543E-1,1.238222504E1,-5.077947998E1,5.226795612E1
5.877746333E0,-2.571697235E-1,1.212604523E1,-5.127369690E1,5.268869995E1
5.887781333E0,-5.553436279E-1,1.231979370E1,-5.093382263E1,5.240553417E1
5.897817333E0,-5.428371429E-1,1.229452515E1,-5.080455017E1,5.227382078E1
5.907852333E0,-5.004825592E-1,1.239029694E1,-5.090802002E1,5.239653083E1
5.917887333E0,-5.115032196E-1,1.220491028E1,-5.056893921E1,5.202344744E1
5.927923333E0,-3.985919952E-1,1.200493622E1,-5.106307983E1,5.245679643E1
5.937958333E0,-4.056892395E-1,1.207647705E1,-5.094233704E1,5.235577890E1
5.947994333E0,-3.114299774E-1,1.215689087E1,-5.062351990E1,5.206368937E1
5.958029333E0,-4.836673737E-1,1.235100555E1,-5.079985046E1,5.228198619E1
5.968065333E0,-2.941608429E-1,1.212203217E1,-5.091862488E1,5.234249281E1
5.978100333E0,-2.333488464E-1,1.224410248E1,-5.110784912E1,5.255458818E1
5.988136333E0,-3.177127838E-1,1.234605408E1,-5.090032959E1,5.237718535E1
5.998171333E0,-7.047271729E-2,1.246724701E1,-5.094683838E1,5.245014352E1
6.008206333E0,-2.502346039E-1,1.234323883E1,-5.103330994E1,5.250539863E1
6.018242333E0,-3.215255737E-1,1.229879761E1,-5.116833496E1,5.262663113E1
6.028277333E0,-3.610935211E-1,1.211760712E1,-5.115382385E1,5.257071890E1
6.038313333E0,-3.471279144E-1,1.212882996E1,-5.076916504E1,5.219901467E1
6.048348333E0,-5.731964111E-1,1.222719574E1,-5.073136902E1,5.218720794E1
6.058384333E0,-2.445297241E-1,1.222000122E1,-5.095690918E1,5.240224058E1
6.068419333E0,-3.051319122E-1,1.217433167E1,-5.098036194E1,5.241473801E1
6.078455333E0,-2.076320648E-1,1.217888641E1,-5.099942017E1,5.243385588E1
6.088490333E0,-3.102302551E-1,1.214893341E1,-5.122163391E1,5.264359986E1
6.098525333E0,-1.007194519E-1,1.223333740E1,-5.140528870E1,5.284097269E1
6.108561333E0,-1.510257721E-1,1.239373016E1,-5.111361694E1,5.259495407E1
6.118596333E0,-2.096519470E-1,1.245606232E1,-5.141452026E1,5.290227156E1
6.128632333E0,-6.972503662E-2,1.248598480E1,-5.121383667E1,5.271396157E1
6.138667333E0,-1.972103119E-1,1.250456238E1,-5.105270386E1,5.256216837E1
6.148703333E0,-3.750801086E-2,1.252568817E1,-5.093563843E1,5.245315561E1
6.158738333E0,-8.399963379E-2,1.239250946E1,-5.067066956E1,5.216414573E1
6.168774333E0,-1.646614075E-1,1.219883728E1,-5.063801575E1,5.208692142E1
6.178809333E0,-1.896476746E-1,1.235276031E1,-5.073556519E1,5.221804505E1
6.188844333E0,-2.913570404E-1,1.240062714E1,-5.071293640E1,5.220787642E1
6.198880333E0,-2.387180328E-1,1.242112732E1,-5.079356384E1,5.229079764E1
6.208915333E0,-2.957611084E-1,1.237900543E1,-5.096124268E1,5.244402259E1
6.218951333E0,-3.679084778E-1,1.238040161E1,-5.056686401E1,5.206166956E1
6.228986333E0,-4.527797699E-1,1.236832428E1,-5.086355591E1,5.234770076E1
6.239022333E0,-3.699779510E-1,1.205958557E1,-5.086685181E1,5.227817040E1
6.249057333E0,-4.489593506E-1,1.194151306E1,-5.097590637E1,5.235784878E1
6.259093333E0,-5.390949249E-1,1.201324463E1,-5.053472900E1,5.194581316E1
6.269128333E0,-3.557834625E-1,1.206241608E1,-5.071035767E1,5.212646965E1
6.279163333E0,-4.233493805E-1,1.221965027E1,-5.101820374E1,5.246290299E1
6.289199333E0,-2.623882294E-1,1.204709625E1,-5.100009155E1,5.240430053E1
6.299234333E0,-4.793357849E-1,1.183537292E1,-5.098548889E1,5.234334621E1
6.309270333E0,-4.476852417E-1,1.196749115E1,-5.096141052E1,5.234965739E1
6.319305333E0,-2.799472809E-1,1.212598419E1,-5.070994568E1,5.214035341E1
6.329341333E0,-3.691711426E-1,1.204391479E1,-5.087699890E1,5.228442587E1
6.339376333E0,-1.959037781E-1,1.211396027E1,-5.117532349E1,5.258992437E1
6.349412333E0,-4.375019073E-1,1.226048279E1,-5.131091309E1,5.275718575E1
6.359447333E0,-6.928291321E-1,1.202760315E1,-5.111471558E1,5.251530632E1
6.369482333E0,-4.497852325E-1,1.220598602E1,-5.066014099E1,5.211178645E1
6.379518333E0,-4.956340790E-1,1.209896851E1,-5.080638123E1,5.222948464E1
6.389553333E0,-3.984527588E-1,1.217938232E1,-5.057630920E1,5.202364050E1
6.399589333E0,-2.069892883E-1,1.204682159E1,-5.103981018E1,5.244264465E1
6.409624333E0,-3.582305908E-1,1.207507324E1,-5.083383179E1,5.224953758E1
6.419660333E0,-5.364704132E-1,1.205757904E1,-5.087524414E1,5.228731662E1
6.429695333E0,-6.048488617E-1,1.209862518E1,-5.082714844E1,5.225075685E1
6.439731333E0,-7.180690765E-1,1.219968414E1,-5.107647705E1,5.251813424E1
6.449766333E0,-3.501110077E-1,1.217630005E1,-5.127182007E1,5.269899803E1
6.459801333E0,-1.648159027E-1,1.214164734E1,-5.118730164E1,5.260785695E1
6.469837333E0,-3.400497437E-1,1.200231171E1,-5.110047913E1,5.249219072E1
6.479872333E0,-3.474922180E-1,1.207833862E1,-5.098501587E1,5.239731728E1
6.489908333E0,-3.658962250E-1,1.229718018E1,-5.056367493E1,5.203882918E1
6.499943333E0,-5.827522278E-1,1.213029480E1,-5.082110596E1,5.225197090E1
6.509979333E0,-4.867572784E-1,1.225273132E1,-5.091839600E1,5.237412919E1
6.520014333E0,-2.021026611E-1,1.205570221E1,-5.081918335E1,5.222997413E1
6.530050333E0,-1.367950439E-1,1.184467316E1,-5.077532959E1,5.213874845E1
6.540085333E0,-2.091922760E-1,1.198097992E1,-5.082337952E1,5.221688948E1
6.550120333E0,-2.831764221E-1,1.202037811E1,-5.091079712E1,5.231136533E1
6.560156333E0,-3.070602417E-1,1.211206055E1,-5.054391479E1,5.197579840E1
6.570191333E0,-4.875316620E-1,1.207394409E1,-5.076113892E1,5.217960365E1
6.580227333E0,-2.210102081E-1,1.213684845E1,-5.066990662E1,5.210365987E1
6.590262333E0,-4.718055725E-1,1.209647369E1,-5.031918335E1,5.175487889E1
6.600298333E0,-3.133163452E-1,1.211980438E1,-5.072465515E1,5.215341279E1
6.610333333E0,-3.103218079E-1,1.224853516E1,-5.080769348E1,5.226418114E1
6.620369333E0,-3.660697937E-1,1.207950592E1,-5.072319031E1,5.214298136E1
6.630403958E0,-4.577045441E-1,1.221960449E1,-5.056071472E1,5.201840156E1
6.640439958E0,-4.853897095E-1,1.214552307E1,-5.077268982E1,5.220742634E1
6.650474958E0,-3.109817505E-1,1.214852905E1,-5.069660950E1,5.213280812E1
6.660509958E0,-2.789516449E-1,1.210949707E1,-5.058616638E1,5.201613175E1
6.670545958E0,-5.145168304E-1,1.207411194E1,-5.050579834E1,5.193153736E1
6.680580958E0,-6.407375336E-1,1.209497833E1,-5.079397583E1,5.221807183E1
6.690616958E0,-5.290336609E-1,1.186720276E1,-5.046138000E1,5.184072964E1
6.700651958E0,-5.310153961E-1,1.188553619E1,-5.067025757E1,5.204827519E1
6.710687958E0,-3.206920624E-1,1.195421600E1,-5.093202209E1,5.231708132E1
6.720722958E0,-5.763702393E-1,1.210244751E1,-5.101126099E1,5.243043187E1
6.730758958E0,-4.343776703E-1,1.232473755E1,-5.073667908E1,5.221396790E1
6.740793958E0,-6.718864441E-1,1.218499756E1,-5.048678589E1,5.194074649E1
6.750828958E0,-7.665233612E-1,1.228692627E1,-5.075666809E1,5.222830144E1
6.760864958E0,-7.692775726E-1,1.247093201E1,-5.066661072E1,5.218449362E1
6.770899958E0,-6.512527466E-1,1.247540283E1,-5.059103394E1,5.211057974E1
6.780935958E0,-6.618270874E-1,1.251081085E1,-5.075561523E1,5.227897169E1
6.790970958E0,-3.876247406E-1,1.266152954E1,-5.044856262E1,5.201463307E1
6.801006958E0,-3.850250244E-1,1.243559265E1,-5.085162354E1,5.235150261E1
6.811041958E0,-3.483181000E-1,1.242726898E1,-5.087854004E1,5.237541576E1
6.821077958E0,-2.537078857E-1,1.240154266E1,-5.074568176E1,5.223970564E1
6.831112958E0,-2.132015228E-1,1.238745880E1,-5.075111389E1,5.224146008E1
6.841147958E0,-1.470375061E-1,1.238481903E1,-5.046096802E1,5.195877843E1
6.851183958E0,-4.282436371E-1,1.241163635E1,-5.098562622E1,5.247633934E1
6.861218958E0,-4.033317566E-1,1.232151794E1,-5.053836060E1,5.202026886E1
6.871254958E0,-6.007633209E-1,1.245616150E1,-5.060481262E1,5.211874842E1
6.881289958E0,-4.754772186E-1,1.232206726E1,-5.040394592E1,5.189043442E1
6.891325958E0,-7.161350250E-1,1.230870819E1,-5.011276245E1,5.160722921E1
6.901360958E0,-7.358226776E-1,1.243708038E1,-5.032255554E1,5.184189425E1
6.911396958E0,-5.091228485E-1,1.253017426E1,-5.051112366E1,5.204457787E1
6.921431958E0,-4.041919708E-1,1.272911835E1,-5.049085999E1,5.207226485E1
6.931466958E0,-5.570945740E-1,1.285598755E1,-5.074168396E1,5.234792509E1
6.941502958E0,-4.411067963E-1,1.276310730E1,-5.062780762E1,5.221366093E1
6.951537958E0,-3.456993103E-1,1.288728333E1,-5.037501526E1,5.199849750E1
6.961573958E0,-3.818798065E-1,1.278524780E1,-5.074528503E1,5.233251711E1
6.971608958E0,-5.705566406E-1,1.272766113E1,-5.074223328E1,5.231723550E1
6.981644958E0,-4.852180481E-1,1.252634430E1,-5.053976440E1,5.207122549E1
6.991679958E0,-3.553504944E-1,1.274548340E1,-5.042376709E1,5.201086337E1
7.001715958E0,-4.972686768E-1,1.253680420E1,-5.078355408E1,5.231049704E1
7.011750958E0,-5.296039581E-1,1.249350739E1,-5.081791687E1,5.233382159E1
7.021785958E0,-8.396415710E-1,1.267027283E1,-5.105130005E1,5.260680610E1
7.031821958E0,-6.665420532E-1,1.249079895E1,-5.100996399E1,5.252124106E1
7.041856958E0,-9.866180420E-1,1.243718719E1,-5.089498901E1,5.240187923E1
7.051892958E0,-5.952281952E-1,1.249731445E1,-5.064408875E1,5.216666455E1
7.061927958E0,-5.746440887E-1,1.262618256E1,-5.047969055E1,5.203796556E1
7.071963958E0,-6.578865051E-1,1.255094910E1,-5.081510925E1,5.234629372E1
7.081998958E0,-8.491992950E-1,1.228172302E1,-5.082299805E1,5.229281968E1
7.092034958E0,-8.039875031E-1,1.238555145E1,-5.090206909E1,5.239340530E1
7.102069958E0,-4.300079346E-1,1.242262268E1,-5.090342712E1,5.239909688E1
7.112105958E0,-6.215209961E-1,1.245869446E1,-5.052983093E1,5.204679788E1
7.122140958E0,-3.424453735E-1,1.244038391E1,-5.015025330E1,5.167134918E1
7.132175958E0,-3.976669312E-1,1.241513062E1,-5.028237915E1,5.179393073E1
7.142211958E0,-4.222030640E-1,1.236841583E1,-5.058634949E1,5.207815972E1
7.152246958E0,-4.109134674E-1,1.256619263E1,-5.066737366E1,5.220403050E1
7.162282958E0,-5.218162537E-1,1.251098633E1,-5.040321350E1,5.193535407E1
7.172317958E0,-4.481391907E-1,1.225341034E1,-5.020246887E1,5.167818471E1
7.182353958E0,-4.677658081E-1,1.253949738E1,-5.023016357E1,5.177380739E1
7.192388958E0,-6.598072052E-1,1.254696655E1,-5.018960571E1,5.173836330E1
7.202424958E0,-7.842617035E-1,1.250076294E1,-5.032366943E1,5.185899966E1
7.212459958E0,-7.806243896E-1,1.234699249E1,-5.039237976E1,5.188881899E1
7.222494958E0,-7.282199860E-1,1.254076385E1,-5.066360474E1,5.219771937E1
7.232530958E0,-7.766056061E-1,1.237216949E1,-5.083355713E1,5.232326657E1
7.242565958E0,-8.050918579E-1,1.255672455E1,-5.098638916E1,5.251601074E1
7.252601958E0,-6.034374237E-1,1.249324799E1,-5.082221985E1,5.233873721E1
7.262636958E0,-7.314853668E-1,1.232093048E1,-5.051336670E1,5.199942898E1
7.272672958E0,-6.283473969E-1,1.240221405E1,-5.056570435E1,5.206822630E1
7.282707958E0,-5.727176666E-1,1.244371796E1,-5.032846069E1,5.184716075E1
7.292743958E0,-6.603698730E-1,1.260092163E1,-5.055490112E1,5.210582829E1
7.302778958E0,-7.353553772E-1,1.261649323E1,-5.042100525E1,5.198071199E1
7.312813958E0,-6.718139648E-1,1.250894165E1,-5.048219299E1,5.201323644E1
7.322849958E0,-6.058082581E-1,1.254592133E1,-5.051031494E1,5.204862209E1
7.332884958E0,-8.476200104E-1,1.242546082E1,-5.048303223E1,5.199660642E1
7.342920958E0,-7.943572998E-1,1.249887848E1,-5.034919739E1,5.188347178E1
7.352955958E0,-8.234615326E-1,1.251973724E1,-5.012402344E1,5.167049095E1
7.362991958E0,-8.075771332E-1,1.258728790E1,-5.007211304E1,5.163630991E1
7.373026958E0,-7.482147217E-1,1.259172821E1,-5.064295959E1,5.219023665E1
7.383062958E0,-9.997005463E-1,1.269982147E1,-5.123352051E1,5.279354591E1
7.393097958E0,-8.334922791E-1,1.291021729E1,-5.156175232E1,5.315997293E1
7.403132958E0,-9.823150635E-1,1.279333496E1,-5.083773804E1,5.243195563E1
7.413168958E0,-6.822376251E-1,1.276362610E1,-5.087916565E1,5.246012864E1
7.423203958E0,-7.651462555E-1,1.290853882E1,-5.077801514E1,5.239868934E1
7.433239958E0,-6.381454468E-1,1.280932617E1,-5.067561340E1,5.227335708E1
7.443274958E0,-6.022186279E-1,1.295101166E1,-5.026240540E1,5.190761761E1
7.453310958E0,-6.043720245E-1,1.294567108E1,-5.037979126E1,5.201998686E1
7.463345958E0,-6.012077332E-1,1.285089111E1,-5.064939880E1,5.225771189E1
7.473381958E0,-6.625175476E-1,1.278527832E1,-5.019912720E1,5.180593250E1
7.483416958E0,-7.234668732E-1,1.270884705E1,-5.007054138E1,5.166330721E1
7.493452958E0,-5.319137573E-1,1.273254395E1,-4.998889160E1,5.158769128E1
7.503487958E0,-5.754661560E-1,1.250929260E1,-5.026318359E1,5.179962536E1
7.513522958E0,-6.653862000E-1,1.257552338E1,-5.061154175E1,5.215471872E1
7.523558958E0,-7.892780304E-1,1.249205780E1,-5.029273987E1,5.182696356E1
7.533593958E0,-5.621719360E-1,1.269431305E1,-5.049247742E1,5.206680225E1
7.543629958E0,-4.860420227E-1,1.290807343E1,-5.018450928E1,5.182026214E1
7.553664958E0,-6.214103699E-1,1.265538788E1,-5.044813538E1,5.201499165E1
7.563700958E0,-5.474052429E-1,1.255199432E1,-5.030102539E1,5.184636313E1
7.573735958E0,-6.339302063E-1,1.248386383E1,-5.035688782E1,5.188511226E1
7.583771958E0,-3.994655609E-1,1.233625793E1,-5.026094055E1,5.175427497E1
7.593806958E0,-4.334564209E-1,1.233832550E1,-5.003796387E1,5.153852917E1
7.603841958E0,-8.931541443E-1,1.250039673E1,-5.019059753E1,5.173155443E1
7.613877958E0,-6.895771027E-1,1.234928131E1,-5.049913025E1,5.199175340E1
7.623912958E0,-5.050983429E-1,1.231182098E1,-5.052871704E1,5.200949246E1
7.633948958E0,-5.347919464E-1,1.241056824E1,-5.062286377E1,5.212468266E1
7.643983958E0,-7.487030029E-1,1.212960815E1,-5.043879700E1,5.188217606E1
7.654019958E0,-9.202289581E-1,1.238300323E1,-5.054804993E1,5.205084958E1
7.664054958E0,-4.555473328E-1,1.247151184E1,-5.077801514E1,5.228912843E1
7.674090958E0,-5.909881592E-1,1.260581970E1,-5.057579041E1,5.212644753E1
7.684125958E0,-7.082061768E-1,1.272371674E1,-5.042861938E1,5.201384601E1
7.694161958E0,-8.912048340E-1,1.261774445E1,-5.052000427E1,5.207948303E1
7.704196958E0,-5.969123840E-1,1.266482544E1,-5.073953247E1,5.229965835E1
7.714231958E0,-6.825695038E-1,1.274645233E1,-5.081556702E1,5.239427258E1
7.724267958E0,-6.221866608E-1,1.281292725E1,-5.063800049E1,5.223758526E1
7.734302958E0,-6.178588867E-1,1.277147675E1,-5.057870483E1,5.216989314E1
7.744338958E0,-8.035316467E-1,1.279994202E1,-5.049771118E1,5.210089263E1
7.754373958E0,-7.130050659E-1,1.234082031E1,-5.049224854E1,5.198337604E1
7.764409958E0,-8.001880646E-1,1.249955750E1,-5.079173279E1,5.231328090E1
7.774444958E0,-9.345760345E-1,1.235170746E1,-5.043617249E1,5.193501328E1
7.784480958E0,-9.633159637E-1,1.251453400E1,-5.073359680E1,5.226317426E1
7.794515958E0,-1.061214447E0,1.250302124E1,-5.058106995E1,5.211426247E1
7.804551958E0,-8.058300018E-1,1.270375061E1,-5.095411682E1,5.252005962E1
7.814586958E0,-8.280372620E-1,1.271612549E1,-5.111540222E1,5.267988077E1
7.824621958E0,-5.926876068E-1,1.274929047E1,-5.102578735E1,5.259778190E1
7.834657958E0,-6.116466522E-1,1.281401062E1,-5.112306213E1,5.270806828E1
7.844692958E0,-6.546916962E-1,1.273163605E1,-5.091500854E1,5.248677236E1
7.854728958E0,-4.911632538E-1,1.299046326E1,-5.103370667E1,5.266338949E1
7.864763958E0,-4.415435791E-1,1.285140228E1,-5.074401855E1,5.234796004E1
7.874799958E0,-6.723213196E-1,1.281716919E1,-5.039236450E1,5.200117539E1
7.884834958E0,-6.484813690E-1,1.292585754E1,-5.049411011E1,5.212632230E1
7.894870958E0,-4.403591156E-1,1.303899384E1,-5.052900696E1,5.218610754E1
7.904905958E0,-7.139568329E-1,1.312793732E1,-5.040904236E1,5.209533591E1
7.914940958E0,-9.168891907E-1,1.291269684E1,-5.076176453E1,5.238640247E1
7.924976958E0,-7.117347717E-1,1.282557678E1,-5.081166077E1,5.241017894E1
7.935011958E0,-6.406936646E-1,1.278083801E1,-5.071664429E1,5.230619769E1
7.945047958E0,-3.255348206E-1,1.306481934E1,-5.040312195E1,5.206985865E1
7.955082958E0,-4.475097656E-1,1.289020538E1,-5.023944092E1,5.186867150E1
7.965118958E0,-2.633152008E-1,1.283386993E1,-5.030961609E1,5.192143125E1
7.975153958E0,-5.706062317E-1,1.284061432E1,-5.053018188E1,5.213929659E1
7.985189958E0,-4.783668518E-1,1.282632446E1,-5.053601074E1,5.214050072E1
7.995224958E0,-5.419311523E-1,1.263864899E1,-5.052542114E1,5.208500090E1
8.005259958E0,-6.135864258E-1,1.273663330E1,-5.062738037E1,5.220852382E1
8.015295958E0,-7.284030914E-1,1.286096191E1,-5.053077698E1,5.214685354E1
8.025330958E0,-7.428951263E-1,1.282012939E1,-5.046710205E1,5.207529165E1
8.035366958E0,-7.626953125E-1,1.275773621E1,-5.043487549E1,5.202901309E1
8.045401958E0,-8.175392151E-1,1.279506683E1,-5.082388306E1,5.241611579E1
8.055437958E0,-6.295776367E-1,1.258975983E1,-5.070883179E1,5.225211997E1
8.065472958E0,-6.783313751E-1,1.256503296E1,-5.066464233E1,5.220389037E1
8.075508958E0,-6.318969727E-1,1.257154083E1,-5.050227356E1,5.204731086E1
8.085543958E0,-7.139434814E-1,1.265673065E1,-5.064540100E1,5.220784604E1
8.095579958E0,-5.291500092E-1,1.252194214E1,-5.041189575E1,5.194649428E1
8.105614958E0,-7.341613770E-1,1.267206573E1,-5.070710754E1,5.227170361E1
8.115649958E0,-6.621398926E-1,1.239768982E1,-5.111351013E1,5.259973441E1
8.125685958E0,-3.629245758E-1,1.271708679E1,-5.062542725E1,5.219952006E1
8.135720958E0,-4.019126892E-1,1.255290222E1,-5.115116882E1,5.267047522E1
8.145756958E0,-6.096706390E-1,1.276026917E1,-5.067524719E1,5.226066250E1
8.155791958E0,-5.051383972E-1,1.248100281E1,-5.059069824E1,5.210997356E1
8.165827958E0,-3.770446777E-1,1.251347351E1,-5.075984192E1,5.228088306E1
8.175862958E0,-5.884685516E-1,1.243961334E1,-5.087306213E1,5.237517280E1
8.185898958E0,-4.798259735E-1,1.243254089E1,-5.092332458E1,5.242121033E1
8.195933958E0,-7.032699585E-1,1.253356171E1,-5.053945923E1,5.207515431E1
8.205969958E0,-4.922389984E-1,1.250188446E1,-5.050886536E1,5.203541961E1
8.216004958E0,-5.264053345E-1,1.233235931E1,-5.065544128E1,5.213768235E1
8.226039958E0,-6.208362579E-1,1.266750336E1,-5.050036621E1,5.206859002E1
8.236075958E0,-8.804855347E-1,1.256957245E1,-5.082559204E1,5.236420736E1
8.246110958E0,-3.610019684E-1,1.239897919E1,-5.083905029E1,5.233043132E1
8.256146958E0,-7.383537292E-1,1.267034912E1,-5.050581360E1,5.207609932E1
8.266181958E0,-7.011241913E-1,1.282736969E1,-5.055538940E1,5.216205888E1
8.276217958E0,-5.465583801E-1,1.288131714E1,-5.055398560E1,5.217214311E1
8.286252958E0,-4.780597687E-1,1.283039093E1,-5.068038940E1,5.228144358E1
8.296288958E0,-5.830726624E-1,1.245590973E1,-5.061766052E1,5.213096218E1
8.306323958E0,-7.328720093E-1,1.256821442E1,-5.074826050E1,5.228654759E1
8.316359958E0,-6.111125946E-1,1.252371216E1,-5.022776794E1,5.176915585E1
8.326394958E0,-6.433181763E-1,1.255982971E1,-5.073455811E1,5.227005421E1
8.336429958E0,-8.803672791E-1,1.253080750E1,-5.077270508E1,5.230357315E1
8.346465958E0,-8.086986542E-1,1.255481720E1,-5.065805054E1,5.219689179E1
8.356500958E0,-7.168006897E-1,1.231822205E1,-5.060061646E1,5.208334459E1
8.366536958E0,-7.908649445E-1,1.247344971E1,-5.056912231E1,5.209077218E1
8.376571958E0,-9.341278076E-1,1.243297577E1,-5.051507568E1,5.203099415E1
8.386607958E0,-8.873443604E-1,1.270292664E1,-5.056439209E1,5.214316324E1
8.396642958E0,-9.889755249E-1,1.259970093E1,-5.054481506E1,5.210094880E1
8.406678958E0,-7.327194214E-1,1.244377136E1,-5.047605896E1,5.199246918E1
8.416713958E0,-7.777023315E-1,1.260710144E1,-5.053039551E1,5.208516773E1
8.426748958E0,-6.410541534E-1,1.245981598E1,-5.090318298E1,5.240984643E1
8.436784958E0,-7.303047180E-1,1.252709961E1,-5.090557861E1,5.242937634E1
8.446819958E0,-9.332447052E-1,1.236983490E1,-5.058155823E1,5.208049341E1
8.456855958E0,-7.091732025E-1,1.240163422E1,-5.049890137E1,5.200425461E1
8.466890958E0,-7.690238953E-1,1.249970245E1,-5.077185059E1,5.229354426E1
8.476926958E0,-9.653759003E-1,1.251558685E1,-5.091769409E1,5.244219138E1
8.486961958E0,-9.030933380E-1,1.238105774E1,-5.076283264E1,5.225869637E1
8.496997958E0,-6.877994537E-1,1.236373901E1,-5.058163452E1,5.207529992E1
8.507032958E0,-7.172470093E-1,1.211678314E1,-5.050965881E1,5.194763239E1
8.517068958E0,-5.958576202E-1,1.232797241E1,-5.041165161E1,5.190056424E1
8.527103958E0,-5.313682556E-1,1.235809326E1,-5.032720947E1,5.182502132E1
8.537138958E0,-9.299716949E-1,1.238713837E1,-5.041360474E1,5.192145594E1
8.547174958E0,-8.451061249E-1,1.241798401E1,-5.084092712E1,5.234233852E1
8.557209958E0,-9.335403442E-1,1.249086761E1,-5.094474792E1,5.246199207E1
8.567245958E0,-9.707393646E-1,1.219809723E1,-5.104495239E1,5.249117141E1
8.577280958E0,-1.021682739E0,1.226210022E1,-5.083941650E1,5.230725770E1
8.587316958E0,-9.078979492E-1,1.237435150E1,-5.064472961E1,5.214247301E1
8.597351958E0,-9.962329865E-1,1.235825348E1,-5.080073547E1,5.229181230E1
8.607387958E0,-9.884395599E-1,1.221227264E1,-5.108581543E1,5.253453297E1
8.617422958E0,-1.007169724E0,1.235899353E1,-5.094955444E1,5.243678299E1
8.627459083E0,-7.593479156E-1,1.248345184E1,-5.086531067E1,5.238027309E1
8.637494083E0,-6.847648621E-1,1.243894958E1,-5.094676208E1,5.244777342E1
8.647529083E0,-6.500034332E-1,1.219930267E1,-5.103276062E1,5.247464289E1
8.657565083E0,-9.085330963E-1,1.207174683E1,-5.089967346E1,5.231949218E1
8.667600083E0,-9.077968597E-1,1.225965881E1,-5.083233643E1,5.229770316E1
8.677636083E0,-7.708320618E-1,1.237229919E1,-5.081170654E1,5.230198363E1
8.687671083E0,-8.241558075E-1,1.274674225E1,-5.077281189E1,5.235491474E1
8.697707083E0,-8.329906464E-1,1.274734497E1,-5.115989685E1,5.273067156E1
8.707742083E0,-8.232898712E-1,1.271472168E1,-5.091755676E1,5.248751795E1
8.717778083E0,-6.457538605E-1,1.276470947E1,-5.084828186E1,5.242997782E1
8.727813083E0,-7.413463593E-1,1.282227325E1,-5.067658997E1,5.227883947E1
8.737849083E0,-6.475448608E-1,1.292630768E1,-5.058468628E1,5.221416695E1
8.747884083E0,-5.097599030E-1,1.292578125E1,-5.070204163E1,5.232621428E1
8.757919083E0,-6.160125732E-1,1.276377106E1,-5.072425842E1,5.230911695E1
8.767955083E0,-7.556095123E-1,1.284293365E1,-5.059445190E1,5.220450607E1
8.777990083E0,-5.865497589E-1,1.292337036E1,-5.094046021E1,5.255747357E1
8.788026083E0,-6.136112213E-1,1.265467834E1,-5.062167358E1,5.218305510E1
8.798061083E0,-5.525207520E-1,1.230730438E1,-5.052848816E1,5.200868327E1
8.808097083E0,-7.410430908E-1,1.252086639E1,-5.060295105E1,5.213424877E1
8.818132083E0,-5.634536743E-1,1.264723969E1,-5.064588928E1,5.220417850E1
8.828168083E0,-6.437931061E-1,1.258989716E1,-5.082415771E1,5.236425295E1
8.838203083E0,-7.046127319E-1,1.285981750E1,-5.074478149E1,5.235364585E1
8.848238083E0,-6.914443970E-1,1.265171051E1,-5.080915833E1,5.236520261E1
8.858274083E0,-6.651344299E-1,1.281908417E1,-5.074842834E1,5.234667422E1
8.868309083E0,-6.163845062E-1,1.258798218E1,-5.081108093E1,5.235077049E1
8.878345083E0,-7.890300751E-1,1.265602875E1,-5.079992676E1,5.235866873E1
8.888380083E0,-7.495613098E-1,1.268952942E1,-5.071714783E1,5.228589755E1
8.898416083E0,-8.395195007E-1,1.278569031E1,-5.084515381E1,5.243480080E1
8.908451083E0,-7.649135590E-1,1.272441101E1,-5.076403809E1,5.234007347E1
8.918487083E0,-8.271656036E-1,1.250842285E1,-5.080230713E1,5.232608580E1
8.928522083E0,-6.527957916E-1,1.249658203E1,-5.104618835E1,5.255762600E1
8.938558083E0,-6.843166351E-1,1.256748962E1,-5.104806519E1,5.257675384E1
8.948593083E0,-7.507610321E-1,1.259983063E1,-5.086862183E1,5.241122075E1
8.958628083E0,-7.394676208E-1,1.260482788E1,-5.099092102E1,5.253096729E1
8.968664083E0,-7.803325653E-1,1.260591125E1,-5.084455872E1,5.238976110E1
8.978699083E0,-9.675140381E-1,1.272555542E1,-5.084786987E1,5.242501039E1
8.988735083E0,-9.348888397E-1,1.271079254E1,-5.107469177E1,5.264088149E1
8.998770083E0,-7.039222717E-1,1.257568359E1,-5.077229309E1,5.231127097E1
9.008806083E0,-9.974651337E-1,1.255364227E1,-5.113555908E1,5.266340545E1
9.018841083E0,-8.857002258E-1,1.236293793E1,-5.103511047E1,5.251865573E1
9.028877083E0,-1.015382767E0,1.255587006E1,-5.102476501E1,5.255670766E1
9.038912083E0,-1.268537521E0,1.264063263E1,-5.129061890E1,5.284053716E1
9.048948083E0,-1.069444656E0,1.262335205E1,-5.104794312E1,5.259643738E1
9.058983083E0,-1.099355698E0,1.262247467E1,-5.111543274E1,5.266234816E1
9.069018083E0,-7.192039490E-1,1.251952362E1,-5.098431396E1,5.250386649E1
9.079054083E0,-5.315628052E-1,1.236104584E1,-5.131396484E1,5.278447690E1
9.089089083E0,-9.013824463E-1,1.242825317E1,-5.109011841E1,5.258777583E1
9.099125083E0,-8.787555695E-1,1.233786011E1,-5.138470459E1,5.285246323E1
9.109160083E0,-7.818889618E-1,1.247478485E1,-5.095135498E1,5.246210234E1
9.119196083E0,-6.038417816E-1,1.253314972E1,-5.101374817E1,5.253424568E1
9.129231083E0,-3.796043396E-1,1.263053131E1,-5.089430237E1,5.243953122E1
9.139267083E0,-7.952575684E-1,1.273351288E1,-5.101802063E1,5.258909786E1
9.149302083E0,-8.806991577E-1,1.280662537E1,-5.098942566E1,5.258047939E1
9.159338083E0,-8.432769775E-1,1.285635376E1,-5.091743469E1,5.252220582E1
9.169373083E0,-8.749256134E-1,1.304933929E1,-5.108547974E1,5.273307303E1
9.179408083E0,-5.307025909E-1,1.316864777E1,-5.090682983E1,5.258517142E1
9.189444083E0,-6.808967590E-1,1.307339478E1,-5.062117004E1,5.228651956E1
9.199479083E0,-7.710628510E-1,1.308538818E1,-5.063357544E1,5.230278084E1
9.209515083E0,-7.982864380E-1,1.321190643E1,-5.062799072E1,5.232958224E1
9.219550083E0,-4.983673096E-1,1.289256287E1,-5.089744568E1,5.250729972E1
9.229586083E0,-5.590515137E-1,1.291115570E1,-5.082067871E1,5.243807648E1
9.239621083E0,-7.089862823E-1,1.303289795E1,-5.088981628E1,5.253696310E1
9.249657083E0,-5.962142944E-1,1.299800873E1,-5.032287598E1,5.197783709E1
9.259692083E0,-6.906242371E-1,1.305075836E1,-5.069847107E1,5.235584231E1
9.269727083E0,-6.262359619E-1,1.291870880E1,-5.086427307E1,5.248294469E1
9.279763083E0,-5.942554474E-1,1.287800598E1,-5.098937988E1,5.259384982E1
9.289798083E0,-3.958702087E-1,1.294515228E1,-5.085820007E1,5.248133188E1
9.299834083E0,-4.221286774E-1,1.312423706E1,-5.079650879E1,5.246626627E1
9.309869083E0,-5.102825165E-1,1.311355591E1,-5.086363220E1,5.252937100E1
9.319905083E0,-6.084651947E-1,1.301362610E1,-5.057366943E1,5.222471383E1
9.329940083E0,-7.439861298E-1,1.299437714E1,-5.069490051E1,5.233908951E1
9.339976083E0,-6.094608307E-1,1.277825165E1,-5.082183838E1,5.240719811E1
9.350011083E0,-6.899833679E-1,1.306041718E1,-5.085696411E1,5.251172605E1
9.360047083E0,-7.640323639E-1,1.295854950E1,-5.066868591E1,5.230509997E1
9.370082083E0,-6.668205261E-1,1.288881683E1,-5.051092529E1,5.213367264E1
9.380118083E0,-3.937835693E-1,1.273602295E1,-5.070722961E1,5.228369231E1
9.390153083E0,-3.335742950E-1,1.288482666E1,-5.090185547E1,5.250837000E1
9.400188083E0,-7.779445648E-1,1.277764893E1,-5.130072021E1,5.287378750E1
9.410224083E0,-7.718200684E-1,1.261962128E1,-5.176065063E1,5.328241268E1
9.420259083E0,-8.081073761E-1,1.265890503E1,-5.154244995E1,5.308036418E1
9.430295083E0,-7.648048401E-1,1.273174286E1,-5.125424194E1,5.281741682E1
9.440330083E0,-7.743453979E-1,1.297838593E1,-5.108198547E1,5.271060000E1
9.450366083E0,-7.292919159E-1,1.286289215E1,-5.124423218E1,5.283897418E1
9.460401083E0,-7.050304413E-1,1.277371979E1,-5.101678467E1,5.259636207E1
9.470437083E0,-7.881698608E-1,1.279557037E1,-5.093386841E1,5.252244077E1
9.480472083E0,-7.704830170E-1,1.299059296E1,-5.092070007E1,5.255727205E1
9.490507083E0,-8.423080444E-1,1.286744690E1,-5.129769897E1,5.289361580E1
9.500543083E0,-7.625961304E-1,1.282128143E1,-5.120143127E1,5.278781464E1
9.510578083E0,-6.295928955E-1,1.270904541E1,-5.079779053E1,5.236727743E1
9.520614083E0,-6.714801788E-1,1.264687347E1,-5.097370911E1,5.252345490E1
9.530649083E0,-7.725315094E-1,1.279830933E1,-5.129890442E1,5.287694319E1
9.540685083E0,-6.624393463E-1,1.272579193E1,-5.109649658E1,5.266152836E1
9.550720083E0,-6.993751526E-1,1.273491669E1,-5.086984253E1,5.244433342E1
9.560756083E0,-5.031604767E-1,1.274028015E1,-5.118498230E1,5.274912627E1
9.570791083E0,-6.785507202E-1,1.259478760E1,-5.098776245E1,5.252467064E1
9.580827083E0,-8.745231628E-1,1.276142883E1,-5.106736755E1,5.264498918E1
9.590862083E0,-7.483825684E-1,1.260293579E1,-5.136274719E1,5.289164269E1
9.600897083E0,-6.893844604E-1,1.263835144E1,-5.121609497E1,5.275691009E1
9.610933083E0,-8.598022461E-1,1.267700195E1,-5.114274597E1,5.269749618E1
9.620968083E0,-7.122650146E-1,1.265849304E1,-5.142524719E1,5.296509054E1
9.631004125E0,-6.191329956E-1,1.270095825E1,-5.134848022E1,5.289956604E1
9.641039125E0,-5.884666443E-1,1.270436096E1,-5.135841370E1,5.290967528E1
9.651075125E0,-5.828723907E-1,1.251528931E1,-5.134162903E1,5.284822682E1
9.661110125E0,-8.246078491E-1,1.278363037E1,-5.107809448E1,5.265997455E1
9.671146125E0,-7.431068420E-1,1.271481323E1,-5.120686340E1,5.276704978E1
9.681181125E0,-6.118850708E-1,1.240753174E1,-5.114988708E1,5.263679508E1
9.691217125E0,-7.569236755E-1,1.270191193E1,-5.111445618E1,5.267446374E1
9.701252125E0,-7.166385651E-1,1.251651764E1,-5.139912415E1,5.290601807E1
9.711288125E0,-7.031745911E-1,1.235717773E1,-5.106712341E1,5.254565053E1
9.721323125E0,-6.631565094E-1,1.260685730E1,-5.146936035E1,5.299497790E1
9.731358125E0,-5.432949066E-1,1.266337585E1,-5.135874939E1,5.289969184E1
9.741394125E0,-6.027526855E-1,1.256177521E1,-5.144787598E1,5.296267978E1
9.751429125E0,-3.447895050E-1,1.247144318E1,-5.120384216E1,5.270189017E1
9.761465125E0,-2.924041748E-1,1.246333313E1,-5.129553223E1,5.278874690E1
9.771500125E0,-3.661231995E-1,1.242597198E1,-5.142663574E1,5.290782258E1
9.781536125E0,-3.152656555E-1,1.241195679E1,-5.139697266E1,5.287537103E1
9.791571125E0,-6.508007050E-1,1.224692535E1,-5.111067200E1,5.256150221E1
9.801607125E0,-7.362766266E-1,1.257011414E1,-5.134698486E1,5.286835279E1
9.811642125E0,-6.997585297E-1,1.253929138E1,-5.136729431E1,5.288026489E1
9.821678125E0,-4.916000366E-1,1.232275391E1,-5.153120422E1,5.298638451E1
9.831713125E0,-3.412837982E-1,1.236025238E1,-5.146018982E1,5.292488498E1
9.841748125E0,-7.775173187E-1,1.216976929E1,-5.131622314E1,5.274526117E1
9.851784125E0,-8.791217804E-1,1.213470459E1,-5.132334900E1,5.274571132E1
9.861819125E0,-7.221508026E-1,1.208381653E1,-5.087579346E1,5.229614215E1
9.871855125E0,-7.229290009E-1,1.222996521E1,-5.109655762E1,5.254477020E1
9.881890125E0,-6.310310364E-1,1.226439667E1,-5.106956482E1,5.252536603E1
9.891926125E0,-4.852581024E-1,1.238838959E1,-5.091572571E1,5.240342352E1
9.901961125E0,-6.150321960E-1,1.240524292E1,-5.083441162E1,5.232977853E1
9.911997125E0,-4.672794342E-1,1.246202087E1,-5.092076111E1,5.242560659E1
9.922032125E0,-6.016178131E-1,1.235642242E1,-5.117984009E1,5.265376673E1
9.932067125E0,-6.529960632E-1,1.241021729E1,-5.109286499E1,5.258251373E1
9.942103125E0,-5.258846283E-1,1.245706177E1,-5.096699524E1,5.246989181E1
9.952138125E0,-5.908012390E-1,1.246693420E1,-5.099198914E1,5.249720422E1
9.962174125E0,-8.046951294E-1,1.249613190E1,-5.083963013E1,5.235903779E1
9.972209125E0,-5.219783783E-1,1.252978516E1,-5.056407166E1,5.209600100E1
9.982245125E0,-3.819904327E-1,1.249870300E1,-5.052059937E1,5.204511940E1
9.992280125E0,-5.157451630E-1,1.213842773E1,-5.084828186E1,5.227958673E1
1.000231612E1,-5.920295715E-1,1.221740723E1,-5.082969666E1,5.228071920E1
1.001235112E1,-4.343261719E-1,1.236824799E1,-5.063037109E1,5.212098114E1
1.002238712E1,-6.776466370E-1,1.269855499E1,-5.065835571E1,5.223008240E1
1.003242212E1,-4.887561798E-1,1.250262451E1,-5.104685974E1,5.255793367E1
1.004245812E1,-7.211036682E-1,1.244665527E1,-5.099220276E1,5.249422787E1
1.005249312E1,-9.493465424E-1,1.235704041E1,-5.087322998E1,5.236108512E1
1.006252812E1,-5.739231110E-1,1.241343689E1,-5.085696411E1,5.235316229E1
1.007256413E1,-5.590953827E-1,1.235540009E1,-5.064785767E1,5.213611018E1
1.008259913E1,-4.548511505E-1,1.249748993E1,-5.097094727E1,5.248267914E1
1.009263512E1,-2.971496582E-1,1.246318054E1,-5.087431335E1,5.237952774E1
1.010267012E1,-4.210262299E-1,1.252074432E1,-5.103372192E1,5.254890175E1
1.011270613E1,-5.317459106E-1,1.259255219E1,-5.052151489E1,5.206993942E1
1.012274113E1,-2.654914856E-1,1.245485687E1,-5.067161560E1,5.218051909E1
1.013277712E1,-2.018184662E-1,1.249811554E1,-5.077838135E1,5.229424094E1
1.014281212E1,-4.907188416E-1,1.263510132E1,-5.087316895E1,5.242104452E1
1.015284812E1,-6.136703491E-1,1.261220551E1,-5.070532227E1,5.225393789E1
1.016288312E1,-4.244613647E-1,1.257326508E1,-5.083750916E1,5.237097955E1
1.017291812E1,-6.014728546E-1,1.240545654E1,-5.077516174E1,5.227211658E1
1.018295412E1,-6.099567413E-1,1.251133728E1,-5.098162842E1,5.249792419E1
1.019298913E1,-6.329479218E-1,1.252371216E1,-5.097831726E1,5.249793158E1
1.020302512E1,-5.063152313E-1,1.266325378E1,-5.116189575E1,5.270819603E1
1.021306012E1,-6.664123535E-1,1.257668304E1,-5.096917725E1,5.250213416E1
1.022309613E1,-4.782562256E-1,1.243416595E1,-5.091979980E1,5.241815739E1
1.023313113E1,-3.484783173E-1,1.270545197E1,-5.058569336E1,5.215805134E1
1.024316712E1,-3.021335602E-1,1.270738220E1,-5.062295532E1,5.219437185E1
1.025320212E1,-5.468559265E-1,1.268621826E1,-5.060502625E1,5.217382358E1
1.026323813E1,-6.889648438E-1,1.285845947E1,-5.069433594E1,5.230420967E1
1.027327312E1,-8.549232483E-1,1.256462097E1,-5.084678650E1,5.238316801E1
1.028330812E1,-8.269901276E-1,1.255538177E1,-5.111680603E1,5.264265745E1
1.029334412E1,-7.698841095E-1,1.257412720E1,-5.072531128E1,5.226622811E1
1.030337912E1,-7.460556030E-1,1.236757660E1,-5.072418213E1,5.221547857E1
1.031341512E1,-8.116474152E-1,1.241847992E1,-5.081208801E1,5.231391501E1
1.032345012E1,-5.600357056E-1,1.252088165E1,-5.099452209E1,5.251216431E1
1.033348613E1,-7.282371521E-1,1.264552307E1,-5.090895081E1,5.246104131E1
1.034352113E1,-7.222061157E-1,1.266870117E1,-5.089137268E1,5.244949365E1
1.035355712E1,-7.215366364E-1,1.264185333E1,-5.095736694E1,5.250705016E1
1.036359212E1,-7.218704224E-1,1.248114777E1,-5.122248840E1,5.272611748E1
1.037362813E1,-7.071647644E-1,1.255245209E1,-5.107269287E1,5.259737724E1
1.038366313E1,-7.548408508E-1,1.253828430E1,-5.080546570E1,5.233520519E1
1.039369813E1,-5.603179932E-1,1.240940094E1,-5.103845215E1,5.252838076E1
1.040373412E1,-7.318916321E-1,1.245121765E1,-5.079598999E1,5.230488587E1
1.041376912E1,-6.562652588E-1,1.241374969E1,-5.056648254E1,5.207207527E1
1.042380512E1,-6.839504242E-1,1.247225952E1,-5.074116516E1,5.225601293E1
1.043384012E1,-8.096466064E-1,1.248134613E1,-5.053802490E1,5.206276491E1
1.044387612E1,-6.901855469E-1,1.254257202E1,-5.064550781E1,5.218007216E1
1.045391112E1,-6.015510559E-1,1.246469116E1,-5.040753174E1,5.192927542E1
1.046394712E1,-7.231655121E-1,1.243984222E1,-5.094558716E1,5.244735926E1
1.047398212E1,-6.062545776E-1,1.213921356E1,-5.075744629E1,5.219239796E1
1.048401813E1,-6.281051636E-1,1.230321503E1,-5.087739563E1,5.234761697E1
1.049405313E1,-3.616428375E-1,1.230120850E1,-5.060740662E1,5.208224381E1
1.050408813E1,-7.939453125E-1,1.220112610E1,-5.074382019E1,5.219610249E1
1.051412412E1,-5.095539093E-1,1.233586884E1,-5.092906189E1,5.240422359E1
1.052415912E1,-6.046333313E-1,1.231570435E1,-5.065324402E1,5.213245903E1
1.053419513E1,-5.294551849E-1,1.229012299E1,-5.065667725E1,5.212894009E1
1.054423013E1,-5.504455566E-1,1.232853699E1,-5.088668823E1,5.236173081E1
1.055426612E1,-6.534404755E-1,1.233794403E1,-5.092057800E1,5.239806401E1
1.056430112E1,-6.314601898E-1,1.247277832E1,-5.094824219E1,5.245657559E1
1.057433712E1,-7.476043701E-1,1.263397980E1,-5.077706909E1,5.233055612E1
1.058437212E1,-7.023715973E-1,1.230841827E1,-5.130665588E1,5.276706761E1
1.059440812E1,-6.958293915E-1,1.244612122E1,-5.102276611E1,5.252344975E1
1.060444312E1,-6.645050049E-1,1.216869354E1,-5.109928894E1,5.253242808E1
1.061447813E1,-7.851181030E-1,1.239460754E1,-5.096574402E1,5.245712316E1
1.062451412E1,-9.399375916E-1,1.227111816E1,-5.100280762E1,5.246665806E1
1.063454921E1,-8.059921265E-1,1.211804962E1,-5.085478210E1,5.228485070E1
1.064458521E1,-7.245349884E-1,1.233514404E1,-5.098490906E1,5.246085856E1
1.065462021E1,-8.924026489E-1,1.239804840E1,-5.085856628E1,5.235553219E1
1.066465621E1,-8.461170197E-1,1.234936523E1,-5.083277893E1,5.231820094E1
1.067469121E1,-7.795200348E-1,1.214723206E1,-5.060986328E1,5.205306100E1
1.068472721E1,-7.264099121E-1,1.239273071E1,-5.090330505E1,5.239517069E1
1.069476221E1,-6.939258575E-1,1.233126831E1,-5.076930237E1,5.225001219E1
1.070479821E1,-6.494560242E-1,1.240538025E1,-5.076722717E1,5.226496539E1
1.071483321E1,-4.252243042E-1,1.216024780E1,-5.085607910E1,5.229142591E1
1.072486921E1,-6.274738312E-1,1.213038635E1,-5.124327087E1,5.266320163E1
1.073490421E1,-6.638584137E-1,1.203861237E1,-5.100656128E1,5.241219504E1
1.074493921E1,-3.870143890E-1,1.214189148E1,-5.096873474E1,5.239644291E1
1.075497521E1,-4.183425903E-1,1.209008789E1,-5.123707581E1,5.264582769E1
1.076501021E1,-7.029628754E-1,1.238599396E1,-5.105842590E1,5.254398023E1
1.077504621E1,-4.056758881E-1,1.223156738E1,-5.096827698E1,5.241699220E1
1.078508121E1,-7.792091370E-1,1.220089722E1,-5.111541748E1,5.255715902E1
1.079511721E1,-7.336139679E-1,1.213745117E1,-5.134567261E1,5.276584128E1
1.080515221E1,-7.295322418E-1,1.212390900E1,-5.104162598E1,5.246683685E1
1.081518821E1,-8.985195160E-1,1.213739777E1,-5.132228088E1,5.274561856E1
1.082522321E1,-1.022655487E0,1.200073242E1,-5.114837646E1,5.254731028E1
1.083525921E1,-9.709854126E-1,1.202908325E1,-5.091725159E1,5.232789090E1
1.084529421E1,-9.608955383E-1,1.185939789E1,-5.082878113E1,5.220281247E1
1.085532921E1,-8.057365417E-1,1.197688293E1,-5.081439209E1,5.221300010E1
1.086536521E1,-9.422035217E-1,1.213700104E1,-5.077459717E1,5.221354479E1
1.087540021E1,-9.766426086E-1,1.209156036E1,-5.105007935E1,5.247161389E1
1.088543621E1,-9.240818024E-1,1.209976196E1,-5.058390808E1,5.201913036E1
1.089547121E1,-9.364128113E-1,1.217713928E1,-5.074520874E1,5.219421232E1
1.090550721E1,-9.665145874E-1,1.209659576E1,-5.061915588E1,5.205344102E1
1.091554221E1,-7.528209686E-1,1.198789215E1,-5.067747498E1,5.208150120E1
1.092557821E1,-7.634239197E-1,1.196311188E1,-5.060769653E1,5.200805524E1
1.093561321E1,-8.181629181E-1,1.193561554E1,-5.068508911E1,5.207788943E1
1.094564921E1,-7.765750885E-1,1.195228577E1,-5.069815063E1,5.209378736E1
1.095568421E1,-6.926269531E-1,1.216104126E1,-5.097160339E1,5.240682216E1
1.096572021E1,-5.969944000E-1,1.197032166E1,-5.058688354E1,5.198728488E1
1.097575521E1,-9.511489868E-1,1.196247864E1,-5.093511963E1,5.232964734E1
1.098579021E1,-8.029937744E-1,1.182720184E1,-5.081945801E1,5.218376007E1
1.099582621E1,-7.641353607E-1,1.182614136E1,-5.064739990E1,5.201538848E1
1.100586121E1,-6.001968384E-1,1.165409088E1,-5.080094910E1,5.212402996E1
1.101589721E1,-6.377124786E-1,1.181182861E1,-5.065609741E1,5.201890212E1
1.102593221E1,-5.645542145E-1,1.175370789E1,-5.105868530E1,5.239711553E1
1.103596821E1,-4.256439209E-1,1.186116028E1,-5.098452759E1,5.234778266E1
1.104600321E1,-6.714630127E-1,1.197841644E1,-5.094140625E1,5.233507613E1
1.105603921E1,-8.541126251E-1,1.190941620E1,-5.093070984E1,5.231157527E1
1.106607421E1,-7.210693359E-1,1.200902557E1,-5.121255493E1,5.260667656E1
1.107611021E1,-8.448925018E-1,1.209733582E1,-5.110865784E1,5.252765256E1
1.108614521E1,-8.208045959E-1,1.221089172E1,-5.139353943E1,5.283063024E1
1.109618021E1,-6.896934509E-1,1.232080078E1,-5.129763794E1,5.276102223E1
1.110621621E1,-6.374664307E-1,1.216908264E1,-5.131411743E1,5.274117541E1
1.111625121E1,-5.563297272E-1,1.212512207E1,-5.142547607E1,5.283850563E1
1.112628721E1,-9.480686188E-1,1.211544800E1,-5.115184021E1,5.257559958E1
1.113632221E1,-7.378997803E-1,1.195742035E1,-5.129258728E1,5.267308523E1
1.114635821E1,-6.501045227E-1,1.197077179E1,-5.112756348E1,5.251428149E1
1.115639321E1,-5.966491699E-1,1.220159149E1,-5.145001221E1,5.288041775E1
1.116642921E1,-6.918621063E-1,1.221823120E1,-5.150450134E1,5.293843127E1
1.117646421E1,-7.601356506E-1,1.231816101E1,-5.127116394E1,5.273563452E1
1.118650021E1,-9.309062958E-1,1.228831482E1,-5.093856812E1,5.240808134E1
1.119653521E1,-1.001153946E0,1.229760742E1,-5.075248718E1,5.223072288E1
1.120657121E1,-1.089427948E0,1.233618927E1,-5.055918884E1,5.205381826E1
1.121660621E1,-1.054634094E0,1.226184082E1,-5.079011536E1,5.225993505E1
1.122664121E1,-8.972988129E-1,1.217769623E1,-5.096469116E1,5.240707181E1
1.123667721E1,-9.898757935E-1,1.202059174E1,-5.084178162E1,5.225285866E1
1.124671221E1,-6.863746643E-1,1.223875427E1,-5.060731506E1,5.207070726E1
1.125674821E1,-8.893241882E-1,1.213346100E1,-5.072953796E1,5.216797672E1
1.126678321E1,-9.099502563E-1,1.213723755E1,-5.081015015E1,5.224760188E1
1.127681921E1,-1.050981522E0,1.223275757E1,-5.077047729E1,5.223395720E1
1.128685421E1,-1.072050095E0,1.198527527E1,-5.075546265E1,5.216237248E1
1.129689021E1,-1.124822617E0,1.208437347E1,-5.093328857E1,5.235930856E1
1.130692521E1,-1.123085022E0,1.219227600E1,-5.053518677E1,5.199728854E1
1.131696121E1,-9.920349121E-1,1.207655334E1,-5.084417725E1,5.226813211E1
1.132699621E1,-1.100608826E0,1.209683228E1,-5.064631653E1,5.208256972E1
1.133703121E1,-9.776706696E-1,1.203501892E1,-5.050999451E1,5.193319811E1
1.134706721E1,-8.368167877E-1,1.222733307E1,-5.094248962E1,5.239604170E1
1.135710221E1,-1.121982574E0,1.208605957E1,-5.097463989E1,5.239986253E1
1.136713821E1,-8.618755341E-1,1.223208618E1,-5.120713806E1,5.265489294E1
1.137717321E1,-9.146480560E-1,1.189143372E1,-5.103524780E1,5.241029761E1
1.138720921E1,-7.761440277E-1,1.198931122E1,-5.102149963E1,5.241697633E1
1.139724421E1,-8.572158813E-1,1.182102966E1,-5.109915161E1,5.245564657E1
1.140728021E1,-7.750377655E-1,1.207751465E1,-5.097033691E1,5.238742491E1
1.141731521E1,-9.661254883E-1,1.221421051E1,-5.112936401E1,5.257691700E1
1.142735121E1,-9.228019714E-1,1.233441925E1,-5.117707825E1,5.265057264E1
1.143738621E1,-1.013879776E0,1.234638214E1,-5.110542297E1,5.258541016E1
1.144742221E1,-9.931240082E-1,1.245414734E1,-5.089820862E1,5.240915685E1
1.145745721E1,-1.016416550E0,1.245011139E1,-5.098602295E1,5.249393215E1
1.146749221E1,-1.034387589E0,1.245215607E1,-5.059931946E1,5.211926014E1
1.147752821E1,-1.084608078E0,1.227366638E1,-5.080996704E1,5.228261673E1
1.148756321E1,-9.361991882E-1,1.246469879E1,-5.083706665E1,5.235124192E1
1.149759921E1,-8.308219910E-1,1.223737335E1,-5.066786194E1,5.213133228E1
1.150763421E1,-9.231433868E-1,1.210172272E1,-5.092655945E1,5.235282556E1
1.151767021E1,-7.931137085E-1,1.204728699E1,-5.118052673E1,5.258528758E1
1.152770521E1,-7.972373962E-1,1.231905365E1,-5.108497620E1,5.255539424E1
1.153774121E1,-9.576320648E-1,1.214416504E1,-5.136798096E1,5.279268199E1
1.154777621E1,-1.021783829E0,1.199449158E1,-5.095434570E1,5.235701688E1
1.155781221E1,-8.934841156E-1,1.220034790E1,-5.081758118E1,5.226923913E1
1.156784721E1,-6.978569031E-1,1.208594513E1,-5.060595703E1,5.203383477E1
1.157788321E1,-9.714717865E-1,1.205768585E1,-5.077355957E1,5.219469223E1
1.158791821E1,-1.036464691E0,1.202748108E1,-5.084211731E1,5.225567388E1
1.159795321E1,-9.752540588E-1,1.210772705E1,-5.091127014E1,5.234028661E1
1.160798921E1,-1.058216095E0,1.242494965E1,-5.097184753E1,5.247502678E1
1.161802421E1,-9.737815857E-1,1.240814972E1,-5.066969299E1,5.217593524E1
1.162806021E1,-9.858703613E-1,1.236410522E1,-5.072929382E1,5.222359898E1
1.163809521E1,-9.208240509E-1,1.236274719E1,-5.082101440E1,5.231119326E1
1.164813121E1,-1.052265167E0,1.233763123E1,-5.079591370E1,5.228335542E1
1.165816621E1,-8.181934357E-1,1.224600983E1,-5.086679077E1,5.232651909E1
1.166820221E1,-7.502536774E-1,1.222570801E1,-5.108993530E1,5.253772270E1
1.167823721E1,-6.477489471E-1,1.227069855E1,-5.092918396E1,5.239056595E1
1.168827321E1,-8.106307983E-1,1.215750885E1,-5.094184875E1,5.237875617E1
1.169830821E1,-7.114238739E-1,1.217192078E1,-5.124766541E1,5.267812628E1
1.170834321E1,-8.938007355E-1,1.210815430E1,-5.106433105E1,5.248782893E1
1.171837921E1,-6.377124786E-1,1.176115417E1,-5.107647705E1,5.241696226E1
1.172841421E1,-6.899585724E-1,1.191528320E1,-5.117698669E1,5.255029956E1
1.173845021E1,-7.386455536E-1,1.200104523E1,-5.077133179E1,5.217565347E1
1.174848521E1,-8.613777161E-1,1.211341095E1,-5.090249634E1,5.233106945E1
1.175852121E1,-9.271469116E-1,1.205371857E1,-5.104354858E1,5.245565351E1
1.176855621E1,-8.729782104E-1,1.202980042E1,-5.112042236E1,5.252404946E1
1.177859221E1,-7.039623260E-1,1.190093231E1,-5.108998108E1,5.246250013E1
1.178862721E1,-6.759891510E-1,1.185413361E1,-5.104608154E1,5.240877680E1
1.179866321E1,-4.242191315E-1,1.189224243E1,-5.102668762E1,5.239588001E1
1.180869821E1,-8.107166290E-1,1.197871399E1,-5.110929871E1,5.250054537E1
1.181873421E1,-7.760925293E-1,1.182281494E1,-5.088041687E1,5.224172751E1
1.182876921E1,-6.415672302E-1,1.194606018E1,-5.099530029E1,5.237977295E1
1.183880421E1,-5.411891937E-1,1.196099091E1,-5.131346130E1,5.269183523E1
1.184884021E1,-6.703453064E-1,1.197535706E1,-5.118403625E1,5.257056312E1
1.185887521E1,-9.263629913E-1,1.200735474E1,-5.094149780E1,5.234568669E1
1.186891121E1,-1.012863159E0,1.197660065E1,-5.089038086E1,5.229049358E1
1.187894621E1,-9.460048676E-1,1.202027893E1,-5.096818542E1,5.237497452E1
1.188898221E1,-9.117164612E-1,1.223345184E1,-5.064242554E1,5.210704209E1
1.189901721E1,-9.394435883E-1,1.212952423E1,-5.066595459E1,5.210611161E1
1.190905321E1,-8.171825409E-1,1.205361176E1,-5.111332703E1,5.252170545E1
1.191908821E1,-9.563770294E-1,1.226552582E1,-5.126144409E1,5.271710757E1
1.192912421E1,-7.093486786E-1,1.211576843E1,-5.095301819E1,5.237847919E1
1.193915921E1,-8.265476227E-1,1.210157013E1,-5.111376953E1,5.253330959E1
1.194919421E1,-6.824092865E-1,1.223856354E1,-5.122167969E1,5.266790854E1
1.195923021E1,-8.842449188E-1,1.205061340E1,-5.111553955E1,5.252425683E1
1.196926521E1,-1.132141113E0,1.173844147E1,-5.108180237E1,5.242540686E1
1.197930121E1,-9.000034332E-1,1.194036865E1,-5.109577942E1,5.248010179E1
1.198933621E1,-8.192539215E-1,1.186280823E1,-5.153250122E1,5.288663421E1
1.199937221E1,-9.993972778E-1,1.155582428E1,-5.098849487E1,5.229113194E1
1.200940721E1,-6.577682495E-1,1.183504486E1,-5.120011902E1,5.255428749E1
1.201944321E1,-8.827323914E-1,1.190171814E1,-5.127546692E1,5.264602187E1
1.202947821E1,-8.098621368E-1,1.188040161E1,-5.127394104E1,5.263854908E1
1.203951421E1,-9.951515198E-1,1.196283722E1,-5.103695679E1,5.242967441E1
1.204954921E1,-1.056804657E0,1.195540619E1,-5.097308350E1,5.236701074E1
1.205958521E1,-8.252277374E-1,1.204782867E1,-5.123303223E1,5.263700949E1
1.206962021E1,-7.233943939E-1,1.210671234E1,-5.127976990E1,5.269450241E1
1.207965521E1,-8.217735291E-1,1.212842560E1,-5.100752258E1,5.243606945E1
1.208969121E1,-8.474750519E-1,1.174117279E1,-5.091304016E1,5.225620548E1
1.209972621E1,-6.517200470E-1,1.167850494E1,-5.057510376E1,5.191005044E1
1.210976221E1,-5.857563019E-1,1.200057220E1,-5.105665588E1,5.245130078E1
1.211979721E1,-9.209766388E-1,1.176165009E1,-5.116888428E1,5.251132572E1
1.212983321E1,-9.853820801E-1,1.181625366E1,-5.108262634E1,5.244072408E1
1.213986821E1,-6.701755524E-1,1.194139099E1,-5.110113525E1,5.248211103E1
1.214990421E1,-9.074516296E-1,1.195668030E1,-5.086465454E1,5.225895860E1
1.215993921E1,-1.123703003E0,1.203160095E1,-5.057214355E1,5.199580592E1
1.216997521E1,-9.186916351E-1,1.209316254E1,-5.054452515E1,5.197920350E1
1.218001021E1,-7.915306091E-1,1.194303131E1,-5.084553528E1,5.223534221E1
1.219004621E1,-8.011531830E-1,1.217953491E1,-5.101058960E1,5.245057834E1
1.220008121E1,-8.455028534E-1,1.210906982E1,-5.101484680E1,5.243909840E1
1.221011621E1,-9.926872253E-1,1.216302490E1,-5.110005188E1,5.253703365E1
1.222015221E1,-7.927112579E-1,1.197222137E1,-5.101182556E1,5.240390084E1
1.223018721E1,-7.597904205E-1,1.204697418E1,-5.120649719E1,5.261000117E1
1.224022321E1,-9.084396362E-1,1.193522644E1,-5.146807861E1,5.284163140E1
1.225025821E1,-8.335857391E-1,1.199906921E1,-5.099775696E1,5.239698218E1
1.226029421E1,-8.174896240E-1,1.226523590E1,-5.112419128E1,5.258124414E1
1.227032921E1,-7.820701599E-1,1.228045654E1,-5.090270996E1,5.236895195E1
1.228036521E1,-7.127151489E-1,1.207375336E1,-5.070240784E1,5.212501936E1
1.229040021E1,-4.878215790E-1,1.188327026E1,-5.079243469E1,5.216628704E1
1.230043621E1,-7.126731873E-1,1.176927948E1,-5.063604736E1,5.199070239E1
1.231047121E1,-7.322616577E-1,1.189631653E1,-5.102175903E1,5.239540485E1
1.232050721E1,-7.217025757E-1,1.203726196E1,-5.069511414E1,5.210960686E1
1.233054221E1,-8.182621002E-1,1.224488068E1,-5.046166992E1,5.193252148E1
1.234057721E1,-9.956970215E-1,1.221107483E1,-5.065017700E1,5.211086443E1
1.235061321E1,-9.728641510E-1,1.217358398E1,-5.072554016E1,5.217492728E1
1.236064821E1,-9.526767731E-1,1.215375519E1,-5.080302429E1,5.224527381E1
1.237068421E1,-7.796096802E-1,1.209610748E1,-5.055110168E1,5.198401186E1
1.238071921E1,-5.923862457E-1,1.217167664E1,-5.077494812E1,5.221681712E1
1.239075521E1,-6.041717529E-1,1.212742615E1,-5.056788635E1,5.200529414E1
1.240079021E1,-7.667026520E-1,1.196030426E1,-5.054273987E1,5.194425150E1
1.241082621E1,-8.038558960E-1,1.229146576E1,-5.037155151E1,5.185575683E1
1.242086121E1,-7.214050293E-1,1.237643433E1,-5.096627808E1,5.245243610E1
1.243089721E1,-7.935943604E-1,1.236806488E1,-5.117152405E1,5.265096100E1
1.244093221E1,-4.828510284E-1,1.236727905E1,-5.091949463E1,5.240207696E1
1.245096821E1,-7.042293549E-1,1.203456879E1,-5.098229980E1,5.238818262E1
1.246100321E1,-8.517684937E-1,1.216628265E1,-5.094189453E1,5.238149064E1
1.247103821E1,-7.817173004E-1,1.215858459E1,-5.092849731E1,5.236558125E1
1.248107421E1,-7.618026733E-1,1.200490570E1,-5.079415894E1,5.219908702E1
1.249110921E1,-4.018669128E-1,1.210857391E1,-5.079837036E1,5.222311261E1
1.250114521E1,-5.149517059E-1,1.205472565E1,-5.089447021E1,5.230514969E1
1.251118021E1,-8.954868317E-1,1.203572845E1,-5.071769714E1,5.213391851E1
1.252121621E1,-8.307609558E-1,1.210610199E1,-5.085568237E1,5.228334629E1
1.253125121E1,-7.249240875E-1,1.225949097E1,-5.098519897E1,5.244340901E1
1.254128721E1,-8.573970795E-1,1.208248138E1,-5.112751770E1,5.254278782E1
1.255132221E1,-9.839019775E-1,1.200658417E1,-5.085717773E1,5.226450663E1
1.256135821E1,-6.793479919E-1,1.229097748E1,-5.092805481E1,5.239462194E1
1.257139321E1,-7.497615814E-1,1.193835449E1,-5.095841980E1,5.234354782E1
1.258142921E1,-6.539497375E-1,1.202105713E1,-5.074035645E1,5.214899076E1
1.259146421E1,-4.980812073E-1,1.202196503E1,-5.081617737E1,5.222125631E1
1.260149921E1,-6.715030670E-1,1.197520447E1,-5.060443115E1,5.200639279E1
1.261153521E1,-7.291908264E-1,1.176088715E1,-5.074194336E1,5.209217793E1
1.262157021E1,-6.050548553E-1,1.177571106E1,-5.090489197E1,5.225266968E1
1.263160575E1,-7.325477600E-1,1.185087585E1,-5.111746216E1,5.247832717E1
1.264164075E1,-8.787574768E-1,1.196284485E1,-5.088729858E1,5.228191876E1
1.265167675E1,-1.053260803E0,1.179949188E1,-5.079273987E1,5.215591808E1
1.266171175E1,-8.844757080E-1,1.182924652E1,-5.114633179E1,5.250391058E1
1.267174775E1,-1.031572342E0,1.151604462E1,-5.110708618E1,5.239864200E1
1.268178275E1,-1.018333435E0,1.160432434E1,-5.084150696E1,5.215895106E1
1.269181875E1,-9.041271210E-1,1.183361053E1,-5.082472229E1,5.219199345E1
1.270185375E1,-1.023191452E0,1.168686676E1,-5.081622314E1,5.215283607E1
1.271188975E1,-9.559745789E-1,1.165349579E1,-5.082170105E1,5.214943096E1
1.272192475E1,-8.774185181E-1,1.163883209E1,-5.090927124E1,5.223012707E1
1.273195975E1,-1.019727707E0,1.164701843E1,-5.106742859E1,5.238869292E1
1.274199575E1,-8.514728546E-1,1.172358704E1,-5.100160217E1,5.233861790E1
1.275203075E1,-8.063907623E-1,1.184086609E1,-5.060440063E1,5.197751186E1
1.276206675E1,-6.321887970E-1,1.188069153E1,-5.100836182E1,5.237750919E1
1.277210175E1,-6.976757050E-1,1.195778656E1,-5.096223450E1,5.235097665E1
1.278213775E1,-8.675765991E-1,1.191149902E1,-5.132301331E1,5.269428995E1
1.279217275E1,-9.990673065E-1,1.195075989E1,-5.124278259E1,5.262738418E1
1.280220875E1,-9.656352997E-1,1.192163849E1,-5.157228088E1,5.294108113E1
1.281224375E1,-8.751239777E-1,1.160851288E1,-5.145335388E1,5.275387226E1
1.282227975E1,-1.177083969E0,1.165598297E1,-5.129490662E1,5.261572874E1
1.283231475E1,-7.525806427E-1,1.191083527E1,-5.138414001E1,5.275191200E1
1.284235075E1,-9.017162323E-1,1.213676453E1,-5.108256531E1,5.251230926E1
1.285238575E1,-6.466140747E-1,1.236093140E1,-5.088520813E1,5.236902845E1
1.286242075E1,-6.360549927E-1,1.269699860E1,-5.078582764E1,5.235282827E1
1.287245675E1,-3.353500366E-1,1.276857758E1,-5.086335754E1,5.244263698E1
1.288249175E1,-4.699745178E-1,1.277332306E1,-5.094299316E1,5.252206404E1
1.289252775E1,-4.390163422E-1,1.251772308E1,-5.100837708E1,5.252371520E1